accumulation,n. 积聚，累积；堆积物
devastate,vt. 毁灭；毁坏
compendium,n. 纲要；概略
embryo,n.  胚胎；胚芽；初期 adj. 胚胎的；初期的
elicitation,n. 引出；诱出；抽出
workmanship,n. 手艺，工艺；技巧
painstaking,adj. 艰苦的；勤勉的；小心的 n. 辛苦；勤勉
aboriginal,n. 土著居民；土生生物 adj. 土著的；原始的
smother,n. 窒息状态；令人窒息的浓烟 vt. 使窒息；抑制；（用灰等）闷熄；忍住 vi. 窒息；被抑制；闷死
consignment,n. 委托；运送；托付物
metaphorical,adj. 比喻性的，隐喻性的
disdain,n. 蔑视 vt. 鄙弃
accredit,vt. 授权；信任；委派；归因于
subsidise,vt. 给…津贴或补贴，资助或补助…
consolidation,n. 巩固；合并；团结
expedient,n. 权宜之计；应急手段 adj. 权宜的；方便的；有利的
unquestionably,adv. 无可非议地；确凿地
endangered,adj. 濒临灭绝的；有生命危险的
verity,n. 真实；真理；事实；真实性
contravene,vt. 抵触；违反；反驳；否认
informative,adj. 教育性的，有益的；情报的；见闻广博的
asylum,n. 庇护；收容所，救济院
pretension,n. 自负；要求；主张；借口；骄傲
delinquency,n. 行为不良，违法犯罪；失职，怠工
rebound,n. 回弹；篮板球 v. 重新装订（rebind的过去式和过去分词） vt. 使弹回 vi. 回升；弹回
camouflage,n. 伪装，掩饰 vt. 伪装，掩饰 vi. 伪装起来
entice,vt. 诱使；怂恿
infringe,vt. 侵犯；违反；破坏 vi. 侵犯；侵害
skew,n. 斜交；歪斜 adj. 斜交的；歪斜的 vt. 使歪斜 vi. 偏离，歪斜；斜视
reactive,adj. 反应的；电抗的；反动的
legitimacy,n. 合法；合理；正统
indolent,adj. 懒惰的；无痛的
generalisation,n. 一般化;  普通化;  归纳;  概论
on-the-spot,adj. 现场的
administrative,adj. 管理的，行政的
vertebrate,adj. 脊椎动物的；有脊椎的 n. 脊椎动物
swollen,adj. 肿胀的，浮肿的；浮夸的；激动兴奋的
overdue,adj. 过期的；迟到的；未兑的
preponderance,n. 优势；多数；占优势
irritable,adj. 过敏的；急躁的；易怒的
fabulous,adj. 难以置信的；传说的，寓言中的；极好的
specialisation,n. 特殊化，专门化，特化作用
landfill,n. 垃圾填埋地；垃圾堆
consolation,n. 安慰；慰问；起安慰作用的人或事物
retrenchment,n. 节省；删除
hygiene,n. 卫生；卫生学；保健法
foresight,n. 先见，远见；预见；深谋远虑
functional,adj. 功能的
victimise,vt. 责怪或处罚某人不当（使之受冤或代人受过）; 不正当地使某人受损害或受苦难，欺负某人
earthwork,n.  土方工程；土木工事
insularity,n. （思想、观点等）偏狭，性僵化；岛国性质（或状态）；岛屿生活状况，与外界隔绝的生活状况
aridity,n. 干旱；乏味
memorise,vt. （英）记忆；存储（等于memorize）
paramount,n. 最高统治者 adj. 最重要的，主要的；至高无上的
variant,n. 变体；转化 adj. 不同的；多样的
forfeit,n. 罚金；没收物；丧失的东西 vt. （因犯罪、失职、违约等）丧失（权利、名誉、生命等） adj. 因受罚而丧失的；被没收的
dormancy,n.  休眠，冬眠； 蛰伏
collude,vi. 勾结；串通；共谋
onwards,adv. 向前；在前面
inclined,v. 使…倾向（incline的过去分词） adj. 趋向于…的
tropospheric,adj. 对流层的
sinister,adj. 阴险的；凶兆的；灾难性的；左边的
narrator,n. 叙述者；解说员
catastrophic,adj. 灾难的；悲惨的；灾难性的，毁灭性的
infiltrate,n. 渗透物 vi. 渗入 vt. 使潜入；使渗入，使浸润
emotive,adj. 感情的；情绪的；表现感情的
digestion,n. 消化；领悟
impede,vt. 阻碍；妨碍；阻止
pamper,vt. 纵容；使…过量；给…吃得过多
haphazard,n. 偶然；偶然事件 adj. 偶然的；随便的；无计划的 adv. 偶然地；随意地
scenario,n. 方案；情节；剧本；设想
probation,n. 试用；缓刑；查验
disseminate,vt. 宣传，传播；散布 vi. 散布；广为传播
maternal,adj. 母亲的；母性的；母系的；母体遗传的
perennial,n. 多年生植物 adj. 多年生的；常年的；四季不断的；常在的；反复的
gullible,adj. 易受骗的；轻信的
newsletter,n. 时事通讯
plagiarise,vt. 剽窃，抄袭
instill,vt. 徐徐滴入；逐渐灌输
plummet,n.  铅锤，坠子 vi. 垂直落下；（价格、水平等）骤然下跌
monologue,n. 独白
sentient,n. 有知觉的人 adj. 有感情的；有感觉力的；意识到的
rickety,adj. 摇晃的；虚弱的；患佝偻病的
indicator,n. 指示器； 指示剂； 指示符；压力计
photosynthesis,n. 光合作用
suicidal,adj. 自杀的，自杀性的；自我毁灭的；自取灭亡的
begrudge,vt. 羡慕，嫉妒；吝惜，舍不得给
meagre,adj. 瘦的；贫弱的；贫乏的
flustered,adj. 慌张的；激动不安的 v. 慌张；混乱（fluster的过去式及过去分词形式）
ironically,adv. 讽刺地；说反话地
pavement,n. 人行道 路面
capsize,vt. 倾覆（特指船）；翻覆；弄翻 vi. 翻；倾覆；翻覆
aptitude,n. 天资；自然倾向；适宜
miscellaneous,adj. 混杂的，各种各样的；多方面的，多才多艺的
industrialisation,n. 工业化
methodology,n. 方法学，方法论
remuneration,n. 报酬；酬劳，赔偿
verification,n. 确认，查证；核实
germinate,vt. 使发芽；使生长 vi. 发芽；生长
renowned,v. 使有声誉（renown的过去分词） adj. 著名的；有声望的
discomfort,n. 不适，不安；不便之处 vt. 使……不舒服；使……不安
variability,n. 可变性，变化性； 变异性
malevolent,adj. 恶毒的；有恶意的；坏心肠的
scamper,n. 蹦跳；奔跑 vi. 蹦蹦跳跳；奔跑，惊惶奔跑
utterance,n. 表达；说话；说话方式
opulence,n. 富裕；丰富
inequality,n. 不平等；不同；不平均
alight,adj. 烧着的；点亮着的 vi. 下来；飞落
devastating,adj. 毁灭性的；全然的 v. 摧毁（devastate的ing形式）；毁坏
outdo,vt. 超过；胜过
malleable,adj. 可锻的；可塑的；有延展性的；易适应的
gorge,n. 峡谷；胃；暴食；咽喉；障碍物 vt. 使吃饱；吞下；使扩张 vi. 拚命吃；狼吞虎咽
inventive,adj. 发明的；有发明才能的；独出心裁的
animation,n. 活泼，生气；激励；卡通片绘制
reunite,vi. 重聚；再结合；再联合 vt. 使重聚；使再结合；使再联合
spawn,n. 卵；菌丝；产物 vt. 产卵；酿成，造成；大量生产 vi. 产卵；大量生产
payable,adj. 应付的；到期的；可付的；可获利的
indigenous,adj. 本土的；土著的；国产的；固有的
lull,vt. 使平静；使安静；哄骗 vi. 平息；减弱；停止 n. 间歇；暂停；暂时平静
ration,n. 定量；口粮；配给量 vt. 配给；定量供应
autobiography,n. 自传；自传文学
circumscribe,vt. 外切，外接；限制；在…周围画线
subterranean,n. 地下工作者 adj. 地下的；秘密的；隐蔽的
inexperienced,adj. 无经验的；不熟练的
standardise,vt. 使…符合标准；使…标准化；使…统一
gadget,n. 小玩意；小器具；小配件；诡计
elucidate,vt. 阐明；说明
inalienable,adj. 不可分割的；不可剥夺的；不能让与的
scorching,adj. 灼热的；激烈的；讽刺的；过早硫化的 v. 把…烧焦；严厉批评；切割；过早硫化（scorch的ing形式）
ambiguity,n. 含糊；不明确；暧昧；模棱两可的话
cascade,n. 小瀑布，瀑布状物；串联 vi. 像瀑布般大量倾泻下来 vi. 像瀑布般悬挂着
prehistoric,adj. 史前的；陈旧的
recruitment,n. 补充；征募新兵
anatomy,n. 解剖；解剖学；剖析；骨骼
predatory,adj. 掠夺的，掠夺成性的；食肉的；捕食生物的
protrude,vi. 突出，伸出 vt. 使突出，使伸出
astonishing,adj. 惊人的；令人惊讶的 v. 使…惊讶；使…诧异（astonish的ing形式）
insuperable,adj. 不能克服的；无敌的
unconquerable,adj. 克服不了的；不可征服的；压制不了的
moderation,n. 适度；节制；温和；缓和
mite,n. 极小量；小虫；小孩儿；微小的东西
speculation,n. 投机；推测；思索；投机买卖
antidote,n.  解毒剂；解药；矫正方法
seasonal,adj. 季节的；周期性的；依照季节的
pharmacy,n. 药房；配药学，药剂学；制药业；一批备用药品
ailment,n. 小病；不安
abound,vi. 富于；充满
miraculous,adj. 不可思议的，奇迹的
dredge,n. 挖泥船，疏浚机；拖捞网 vt. （用挖泥船等）疏浚；（用拖捞网等）捞取；（在食物上）撒（面粉等） vi. 疏浚，挖掘；采捞
heartless,adj. 无情的；无勇气的
astound,vt. 使惊骇；使震惊
magma,n.  岩浆；糊剂
swivel,n. 转环；转椅座架 vt. 使旋转 vi. 旋转
unpromising,adj. 无前途的，没有希望的
elaboration,n. 苦心经营，精巧；详细阐述
gallop,n. 疾驰；飞奔 vi. 飞驰；急速进行；急急忙忙地说 vt. 使飞跑；迅速运输
downturn,n. 衰退（经济方面）；低迷时期
interplay,n. 相互影响，相互作用 vi. 相互影响，相互作用
precipitation,n.  沉淀， 沉淀物；降水；冰雹；坠落；鲁莽
indefinitely,adv. 不确定地，无限期地；模糊地，不明确地
glacier,n. 冰河，冰川
venue,n. 审判地；犯罪地点；发生地点；集合地点
dislodge,vt. 逐出，驱逐；使……移动；用力移动 vi. 驱逐，逐出；离开原位
credibility,n. 可信性；确实性
churn,n. 搅乳器 vt. 搅拌；搅动 vi. 搅拌；搅动
domesticate,vt. 驯养；教化；引进 vi. 驯养；使习惯于或喜爱家务和家庭生活
remains,n. 残余；遗骸
usher,n. 引座员，带位员；接待员；门房 vi. 作招待员；当引座员 vt. 引导，招待；迎接；开辟
seclusion,n. 隔离；隐退；隐蔽的地方
preconception,n. 偏见；先入之见；预想
manifestation,n. 表现；显示；示威运动
autocratic,adj. 专制的；独裁的，专横的
abode,n. 住处；营业所 v. 遵守；停留；忍受（abide的过去分词）
envious,adj. 羡慕的；嫉妒的
stagnate,vt. 使淤塞；使沉滞；使萧条 vi. 停滞；淤塞；变萧条
precondition,n. 前提；先决条件 vt. 预处理；事先准备
adhesive,n. 粘合剂；胶黏剂 adj. 粘着的；带粘性的
demolish,vt. 拆除；破坏；毁坏；推翻；驳倒
stipulate,adj. 有托叶的 vi. 规定；保证 vt. 规定；保证
tricky,adj. 狡猾的；机警的
antipode,n. 正相反的事物； 对映体
contingency,n. 偶然性； 意外事故；可能性； 意外开支；偶然式
demographic,adj. 人口统计学的；人口学的
sustenance,n. 食物；生计；支持
signpost,n. 路标；指示牌
secrete,vt. 藏匿；私下侵吞；分泌
fertiliser,n. 化肥（等于fertilizer）
proponent,n. 支持者；建议者；提出认证遗嘱者
relentless,adj. 无情的；残酷的；不间断的
pedigree,n. 血统；家谱 adj. 纯种的
flourishing,adj. 繁荣的；繁茂的；盛行的 v. 茂盛（flourish的ing形式）
conditioner,n. 调节器；调节剂；调料槽
decompression,n.  解压；降压
amenable,adj. 有责任的：顺从的，服从的；有义务的；经得起检验的
dietary,n. 规定的食物；饮食的规定；食谱 adj. 饮食的，饭食的，规定食物的
sibling,n. 兄弟姊妹；民族成员
inborn,adj. 天生的；先天的
feminism,n. 女权主义；女权运动；男女平等主义
recapture,vt. 夺回；拿回；再体验；政府征收再经历 n. 夺回；取回；政府对公司超额收益或利润的征收
mimic,vt. 模仿，摹拟 n. 效颦者，模仿者；仿制品；小丑 adj. 模仿的，模拟的；假装的
overshadow,vt. 使失色；使阴暗；遮阴；夺去…的光彩
rehabilitate,vt. 使康复；使恢复名誉；使恢复原状 vi. 复兴；复权；恢复正常生活
engross,vt. 使全神贯注；用大字体书写；正式写成（决议等）；独占；吸引
predispose,vt. 预先处置；使…偏向于
civilisation,n. （英）文明（等于civilization）
extravagance,n. 奢侈，浪费；过度；放肆的言行
dwindle,vi. 减少；变小 vt. 使缩小，使减少
underpin,vt. 巩固；支持；从下面支撑；加强…的基础
equity,n. 公平，公正；衡平法；普通股；抵押资产的净值
embezzlement,n. 侵占；挪用；盗用
reinforcement,n. 加固；增援；援军；加强
collateral,n. 抵押品； 担保品；旁系亲属 adj. 并行的；旁系的；附属的
proofreading,n. （美）校对；校正 v. 校对（proofread的ing形式）
determinant,n. 决定因素； 行列式 adj. 决定性的
post-mortem,n. 验尸 adv. 死后，在死后 adj. 验尸的；死后的 vt. 对……验尸
nutrient,n. 营养物；滋养物 adj. 营养的；滋养的
enduring,adj. 持久的；能忍受的 v. 忍耐（endure的ing形式）
materialistic,adj. 唯物主义的；唯物论的；金钱至上的
slothful,adj. 怠惰的，懒惰的；迟钝的
short-sighted,adj. 目光短浅的；近视的
censure,n. 责难 vt. 责难，责备 vi. 谴责，责备
isolated,adj. 孤立的；分离的；单独的； 绝缘的 v. 使孤立；使绝缘；脱离（isolate的过去分词）
strategist,n. 战略家；军事家
prominence,n. 突出；显著；突出物；卓越
aquarium,n. 水族馆；养鱼池；玻璃缸
transcribe,vt. 转录；抄写
lateral,adj. 侧面的，横向的 n. 侧部； 边音 vt. 横向传球
allusion,n. 暗示；提及
auditory,n. 听众；礼堂 adj. 听觉的；耳朵的
emulate,n. 仿真；仿效 vt. 仿真；模仿；尽力赶上；同…竞争
edify,vt. 熏陶；启发；教诲
unsatisfactory,adj. 不令人满意的；不满足的；不符合要求的
relevance,n. 关联；适当；中肯
muggy,adj. 闷热的；潮湿的
spasmodic,adj. 痉挛的，痉挛性的；间歇性的
embankment,n. 路堤；堤防
incinerate,vt. 焚化；烧成灰 vi. 把……烧成灰；烧弃
sublime,n. 崇高；顶点 adj. 庄严的；令人崇敬的；极端的；超群的 vt. 使…纯化；使…升华；使…变高尚 vi. 升华；纯化；变高尚
notoriety,n. 恶名；声名狼藉；丑名
condone,vt. 宽恕；赦免
supernatural,n. 超自然现象；不可思议的事 adj. 超自然的；神奇的，不可思议的
insulting,v. 侮辱；损害（insult的ing形式） adj. 侮辱的，无礼的；污蔑的；损害人体的
large-scale,adj. 大规模的，大范围的；大比例尺的
unorthodox,adj. 非正统的；异端的；异教的
incongruity,n. 不协调；不一致；不适宜
suckle,vt. 给…哺乳；吮吸；养育 vi. 吃奶
crescent,
startling,adj. 令人吃惊的
sprawl,n. 蔓生；伸开手足躺卧姿势 vt. 懒散地伸开；使蔓生 vi. 蔓延；伸开手足躺；无计划地扩展
glamour,n. 魅力，魔力；迷人的美 vt. 迷惑，迷住
tenable,adj. （主张等）站得住脚的；可维持的
pesticide,n. 杀虫剂
chilling,n. 冷却；寒冷 adj. 寒冷的；冷漠的；使人恐惧的；令人寒心的；呱呱叫的（等于chillin） v. 冷却（chill的ing形式）
endorse,vt. 背书；认可；签署；赞同；在背面签名
well-balanced,adj. 匀称的；神智健全的；通情达理的；明智的
burrow,n. （兔、狐等的）洞穴，地道；藏身处，住处 vt. 挖掘，挖出；在…挖洞（或通道）；使躲入洞穴 vi. 探索，寻找；挖地洞，挖通道；住入地洞，躲藏起来；钻进某处；偎依著
meek,adj. 温顺的；谦恭的；驯服的
prerequisite,n. 先决条件 adj. 首要必备的
barbed,adj. 有刺的；讽刺的；有倒钩的 v. 讽刺（barb的过去分词）；装倒钩
pointer,n. 指针；指示器；教鞭；暗示
animate,adj. 有生命的 vt. 使有生气；使活泼；鼓舞；推动
benevolent,adj. 仁慈的；慈善的；亲切的
coastline,n. 海岸线
horrific,adj. 可怕的；令人毛骨悚然的
insidious,adj. 阴险的；隐伏的；暗中为害的；狡猾的
maze,n. 迷宫；迷惑；糊涂 vt. 迷失；使混乱；使困惑
wastage,n. 损耗；消瘦；衰老
disintegrate,vi. 瓦解；碎裂；衰变 vt. 使分解；使碎裂；使崩溃；使衰变
apprentice,n. 学徒；生手 vt. 使…当学徒 vi. 当学徒
subliminal,n. 潜意识；阈下意识 adj.  阈下的；潜在意识的；微小得难以察觉的
metabolism,n.  新陈代谢
manipulative,adj. 巧妙处理的；操纵的，用手控制的
evasive,adj. 逃避的；托辞的；推托的
refinement,n. 精制；文雅； 提纯
afflicting,adj. 痛苦的 v. 使苦恼（afflict的ing形式）
crackdown,n. 镇压；（美）制裁；强制取缔；惩罚
introvert,n. 内向的人；内翻的东西 vi. 成为内弯；成为性格内向的人 vt. 使内向；使内倾；使内弯
encapsulate,vt. 压缩；将…装入胶囊；将…封进内部；概述 vi. 形成胶囊
geometric,adj. 几何学的； 几何学图形的
disprove,vt. 反驳，证明…是虚假的
distressing,n. 破坏处理 adj. 使痛苦的；悲伤的；使烦恼的 v. 使痛苦；迫使（distress的ing形式）；使困苦
sequential,adj. 连续的；相继的；有顺序的
interlink,n. 连环 vt. 连接；把……互相连结
recalcitrant,n. 顽抗者；不服从的人 adj. 反抗的；反对的；顽强的
firsthand,adj. 直接的；直接采购的；直接得来的 adv. 直接地
weak-willed,adj. 意志薄弱的
statistically,adv. 统计地；统计学上
egalitarian,n. 平等主义；平等主义者 adj. 平等主义的
toxin,n. 毒素；毒质
monotonous,adj. 单调的，无抑扬顿挫的；无变化的
imperil,vt. 危及；使陷于危险
contractor,n. 承包人；立契约者
insatiable,adj. 贪得无厌的；不知足的
metaphor,n. 暗喻，隐喻；比喻说法
inculcate,vt. 教育；谆谆教诲；教授；反覆灌输
cohesion,n. 凝聚；结合； 内聚力
participation,n. 参与；分享；参股
conceivable,adj. 可能的；想得到的，可想像的
immortalise,v. 使不灭，使不朽
bulge,n. 胀；膨胀；凸出部分 vt. 使膨胀；使凸起 vi. 膨胀；凸出
preferably,adv. 较好；宁可，宁愿；更适宜
drowsiness,n. 睡意；困倦；假寐
cameral,adj. 有关立法或司法机构之一院的
reiterate,vt. 重申；反复地做
volatile,n. 挥发物；有翅的动物 adj.  挥发性的；不稳定的；爆炸性的；反复无常的
disrespectful,adj. 无礼的；失礼的；不尊敬的
hypothetical,adj. 假设的；爱猜想的
insomnia,n. 失眠症，失眠
calibre,n.  口径；才干；水准
emerging,v. 形成；浮现；显露（emerge的ing形式）；由…中脱出 adj. 新兴的；出现的；形成的
encyclopaedia,n. 百科全书
roaring,n. 咆哮；怒吼；吼声 adj. 喧闹的；兴胜的；狂风暴雨的 v. 怒吼（uproar的现在分词）
mentor,n. 指导者，良师益友 vt. 指导
focal,adj. 焦点的，在焦点上的；灶的，病灶的
curative,n. 药品；治疗法 adj. 有疗效的；治病的
water-borne,adj. 水传播的；由水浮起的；水运的；饮水传染的（等于waterborne）
solicit,vt. 征求；招揽；请求；乞求 vi. 征求；招揽；恳求；请求
captivity,n. 囚禁；被关
bidding,n. 投标；出价；命令
sophisticate,n. 久经世故的人；精通者 vt. 弄复杂；使变得世故；曲解 vi. 诡辩
abhorrent,adj. 可恶的；厌恶的；格格不入的
truant,n. 旷课者；懒惰的人 adj. 旷课的；偷懒的 vi. 逃学；偷懒，逃避责任
fanatical,adj. 狂热的
revere,vt. 敬畏；尊敬；崇敬
sediment,n. 沉积；沉淀物
sparsely,adv. 稀疏地；贫乏地
herbivore,n.  食草动物
pathology,n. 病理（学）; 异常状态
rationale,n. 基本原理；原理的阐述
cleave,vt. 砍开；使分开；打通 vi. 裂开；披荆斩棘地前进；粘住；坚持
admittedly,adv. 公认地；无可否认地；明白地
residue,n. 残渣；剩余；滤渣
antibiotic,n. 抗生素，抗菌素 adj. 抗生的；抗菌的
alumni,n. （统称）校友，毕业生
demanding,v. 要求；查问（demand的ing形式） adj. 苛求的；要求高的；吃力的
inability,n. 无能力；无才能
irritation,n. 刺激；激怒，恼怒，生气；兴奋；令人恼火的事
entrepreneurial,adj. 企业家的，创业者的；中间商的
synthesise,"vt.vi. 综合, 合成, 接合 vt. 用合成法合成, 综合地处理"
accurately,adv. 精确地，准确地
tangible,n. 有形资产 adj. 有形的；切实的；可触摸的
amass,vt. 积聚，积累
fatality,n. 死亡；宿命；致命性；不幸；灾祸
exhaustive,adj. 详尽的；彻底的；消耗的
apace,adv. 飞快地，迅速地；急速地
boundless,adj. 无限的；无边无际的
dispirited,adj. 沮丧的；没有精神的；意气消沉的 v. 使…沮丧；使…气馁（dispirit的过去分词）
uncertainty,n. 不确定，不可靠
exploitation,n. 开发，开采；利用；广告推销；剥削
orientate,vi. 向东；定向 vt. 给...定位；使适应
hesitation,n. 犹豫
forgo,vi. 放弃；停止；对…断念 vt. 放弃；停止；对…断念
lush,adj. 丰富的，豪华的；苍翠繁茂的 vi. 喝酒 n. 酒；酒鬼 vt. 饮
despondency,n. 泄气；意气消沉
supersede,vt. 取代，代替；紧接着……而到来 vi. 推迟行动
administrator,n. 管理人；行政官
apportion,vt. 分配，分派；分摊
restoration,n. 恢复；复位；王政复辟；归还
recourse,n. 求援，求助； 追索权；依赖；救生索
query,n. 疑问，质问；疑问号 ； 查询 vi. 询问；表示怀疑 vt. 询问；对……表示疑问
revert,n. 恢复原状者 vt. 使回复原状 vi. 回复；重提；返祖遗传；归还
mantle,n. 地幔；斗篷；覆盖物 vi. 覆盖；脸红 vt. 覆盖
paediatric,adj.  儿科的；儿科学的
astray,adj. 迷路的；离开正道的；不对头的 adv. 误入歧途地；迷途地；迷路
ramification,n. 衍生物；分枝，分叉；支流
decouple,n.  去耦 vt. 减弱震波；使分离
truce,n. 停战；休战；休战协定 vt. 以休战结束；停止争执 vi. 停战
globalisation,n. 全球化，=globalization
build-up,n. 组成；逐渐增加或积累；堆起 adj. 内建的
succulent,n. 肉质植物；多汁植物 adj. 多汁的；多水分的；多汁性的
grimy,adj. 肮脏的，污秽的
amorphous,adj. 无定形的；无组织的； 非晶形的
disparity,n. 不同；不一致；不等
pretentious,adj. 自命不凡的；炫耀的；做作的
monolingual,adj. 单语的；仅用一种语言的；仅懂一种语言的 n. 只用一种语言的人
identifiable,adj. 可辨认的；可认明的；可证明是同一的
intoxicated,v. 沉醉；中毒（intoxicate的过去分词） adj. 喝醉的；极度兴奋的
lax,n. 松元音；泻肚 adj. 松的；松懈的；腹泻的 adj. 不严格的；不严谨的
resurgence,n. 复活；再现；再起
sanitary,n. 公共厕所 adj. 卫生的，清洁的
ravage,n. 蹂躏，破坏 vt. 毁坏；破坏；掠夺 vi. 毁坏；掠夺
detrimental,n. 有害的人（或物）；不受欢迎的求婚者 adj. 不利的；有害的
ape,n.  猿；傻瓜；模仿者 vt. 模仿；抢台词 adj. 狂热的
veer,n. 转向；方向的转变 vt. 使转向；使顺风；使船尾向上风 vi. 转向；改变观点；风向顺时针转；调转船尾向上风
convoy,n. 护送；护卫；护航队 vt. 护航；护送
afield,adv. 在战场上；去野外；在远处；远离著
megacity,n. 大城市（人口超过1000万的）
stunning,adj. 极好的；使人晕倒的；震耳欲聋的 v. 把…打昏；使震耳欲聋；使大吃一惊（stun的ing形式）
recoil,vi. 畏缩；弹回；报应 n. 畏缩；弹回；反作用
sensory,adj. 感觉的；知觉的；传递感觉的
oblique,adj. 斜的；不光明正大的 n. 倾斜物 vi. 倾斜
wryly,adv. 挖苦地；表情冷漠地
occupancy,n. 居住；占有；占用
congested,adj. 堵塞的，拥挤的 v. 挤满；超负荷（congest的过去分词）
vigilant,adj. 警惕的；警醒的；注意的；警戒的
deter,vt. 制止，阻止；使打消念头
laconic,adj. 简洁的，简明的
inflammable,n. 易燃物 adj. 易燃的；易怒的；易激动的
unobtrusive,adj. 不唐突的；谦虚的；不引人注目的
maximise,vt. 把…增加到最大限度；尽量增大（等于maximize）
detour,n. 绕道；便道 vt. 使…绕道而行 vi. 绕道；迂回
squander,n. 浪费 vt. 浪费 vi. 浪费；漂泊
effluent,n. 污水；流出物；废气 adj. 流出的，发出的
complementary,adj. 补足的，补充的
sociable,n. 联谊会 adj. 社交的；好交际的；友善的
spew,vt. 喷出；呕吐 vi. 喷涌；呕吐
demolition,n. 拆除（等于demolishment）；破坏；毁坏
fidelity,n. 保真度；忠诚；精确；尽责
sporadically,adv. 零星地；偶发地
noteworthy,adj. 值得注意的；显著的
chancellor,n. 总理（德、奥等的）；（英）大臣；校长（美国某些大学的）；（英）大法官；（美）首席法官
ponderous,adj. 笨重的；沉闷的；呆板的 比较级more ponderous 最高级most ponderous
discursive,adj. 散漫的；离题的；东拉西扯的；无层次的
guzzle,n. 狂饮；豪饮作乐 vt. 狂饮；暴食 vi. 狂饮；暴食；狼吞虎咽
maltreat,vt. 虐待；滥用；粗暴对待
fickle,adj. 浮躁的；易变的；变幻无常的
revitalise,vt. 使有新的活力；使新生（等于revitalize）
legitimise,vt. 使合法，给…以合法地位
inscribe,vt. 题写；题献；铭记；雕
refectory,n. 食堂；（修道院，学院等处的）餐厅
concussion,n. 冲击；震荡；脑震荡
adaptable,adj. 适合的；能适应的；可修改的
thoroughly,adv. 彻底地，完全地
bilateral,adj. 双边的；有两边的
dissent,n. 异议；（大写）不信奉国教 vi. 不同意；不信奉国教
hilarity,n. 欢喜；高兴；欢闹
statute,n.  法规；法令；条例
clamour,n. 喧闹 vt. 吵闹；大声地要求 vi. 叫喊；大声地要求
renovate,vt. 更新；修复；革新；刷新
disabuse,vt. 使省悟；解迷惑；释疑；矫正
rarity,n. 罕见；珍贵；珍品（需用复数）；稀薄
culprit,n. 犯人，罪犯；被控犯罪的人
morbid,adj. 病态的；由病引起的；恐怖的；病变部位的
repatriate,n. 被遣返回国者 v. 遣返
genre,n. 类型；种类；体裁；样式；流派；风俗画 adj. 风俗画的；以日常情景为主题的
pervasive,adj. 普遍的；到处渗透的；流行的
recount,n. 重算 vt. 叙述；重新计算
hereditary,n. 遗传类 adj. 遗传的；世袭的；世代相传的
sprout,n. 芽；萌芽；苗芽 vt. 使发芽；使萌芽 vi. 发芽；长芽
erudite,n. 饱学之士 adj. 博学的；有学问的
anarchy,n. 无政府状态；混乱；无秩序
particulate,n. 微粒 a. 微粒的
automatically,adj. 不经思索的 adv. 自动地；机械地；无意识地
digestive,n. 助消化药 adj. 消化的；助消化的
tingling,n. 麻刺感；发出叮当声 v. 刺痛；激动；鸣响（tingle的ing形式）
disorientated,adj. 不知所措的；迷失方向的 v. 使失去方向（disorientate的过去式和过去分词）
benign,adj. 良性的；和蔼的，亲切的；吉利的
profuse,adj. 丰富的；很多的；慷慨的；浪费的
artifact,n. 人工制品；手工艺品
surmise,n. 推测；猜度 vt. 猜测；推测 vi. 猜测；认为
novice,n. 初学者，新手
foetus,n. 胎儿
legacy,n. 遗赠，遗产
equate,vt. 使相等；视为平等 vi. 等同
tidal,adj. 潮汐的；潮的，有关潮水的；定时涨落的
artifice,n. 诡计；欺骗；巧妙的办法
immemorial,adj. 远古的，古老的；无法追忆的
computerise,vt. 用计算机做，使计算机化; 将（资料）存入计算机
ratify,vt. 批准；认可
detergent,n. 清洁剂；去垢剂
defer,vt. 使推迟；使延期 vi. 推迟；延期；服从
outpost,n. 前哨；警戒部队；边区村落
salinity,n. 盐度；盐分；盐性
obsolete,adj. 废弃的；老式的 n. 废词；陈腐的人 vt. 淘汰；废弃
stance,n. 立场；姿态；位置；准备击球姿势
introductory,adj. 引导的，介绍的；开端的
famished,adj. 极饥饿的 v. 使饥饿（famish的过去式）
pliable,adj. 柔韧的；柔软的；圆滑的；易曲折的
bankruptcy,n. 破产
stiffen,vt. 使变硬；使粘稠 vi. 变硬；变猛烈；变粘
populate,vt. 居住于；构成人口；移民于；殖民于
avalanche,n. 雪崩 vt. 雪崩 vi. 崩塌
regional,adj. 地区的；局部的；整个地区的
lament,n. 挽歌；恸哭；悲痛之情 vi. 哀悼；悲叹；悔恨 vt. 哀悼；痛惜
associated,v. 联系（associate的过去式和过去分词） adj. 关联的；联合的
deplore,vt. 谴责；悲悼；哀叹；对…深感遗憾
muddle,vt. 混合；使咬字不清晰；使微醉 n. 糊涂；困惑；混浊状态 vi. 胡乱思考；糊里糊涂地行事
aspiring,v. 立志（aspire的ing形式） adj. 有抱负的；追求…的；高耸的
mediocre,adj. 普通的；平凡的；中等的
abbreviation,n. 缩写；缩写词
legible,adj. 清晰的；易读的；易辨认的
subsist,vi. 存在；维持生活 vt. 供养
immobilise,vt. 使不动; 使不能移动; 使停止流通
localise,vt. 使局部化，使具有地方色彩
credential,n. 证书；凭据；国书
unparalleled,adj. 无比的；无双的；空前未有的
retaliate,vi. 报复；回敬 vt. 报复
reasoning,n. 推理；论证；评理 v. 推论；说服（reason的ing形式） adj. 推理的
conceptual,adj. 概念上的
aggravation,n. 加剧；激怒；更恶化
resilience,n. 恢复力；弹力；顺应力
tutorial,n. 个别指导 adj. 辅导的；家庭教师的，个别指导的
outrageous,adj. 粗暴的；可恶的；令人吃惊的
righteous,adj. 正义的；正直的；公正的
prestigious,adj. 有名望的；享有声望的
treadmill,n. 踏车，跑步机；单调的工作
sluggish,n. 市况呆滞；市势疲弱 adj. 萧条的；迟钝的；行动迟缓的；懒惰的
grudge,n. 怨恨；恶意；妒忌 vt. 怀恨；吝惜；妒忌；不情愿做
antiquated,adj. 过时的；陈旧的；年老的 v. 使古旧；废弃（antiquate的过去分词）
renounce,n. 垫牌 vt. 宣布放弃；与…断绝关系；垫牌 vi. 放弃权利；垫牌
processor,n.  处理器；处理程序；加工者
flattering,adj. 奉承的；谄媚的
deplete,vt. 耗尽，用尽；使衰竭，使空虚
extrovert,n. 外向；外倾者；性格外向者（等于extravert）
browse,n. 浏览；吃草 vt. 浏览；吃草 vi. 浏览；吃草；漫不经心地看商品
elude,vt. 逃避，躲避
loath,adj. 勉强的；不情愿的（等于loth）
lenient,adj. 宽大的；仁慈的
fugitive,n. 逃亡者；难捕捉之物 adj. 逃亡的；无常的；易变的
brunt,n. 冲击；主要冲力
prodigious,adj. 惊人的，异常的，奇妙的；巨大的
onslaught,n. 猛攻；突击
oversee,vt. 监督；审查；俯瞰；偷看到，无意中看到
mitigate,vt. 使缓和，使减轻 vi. 减轻，缓和下来
ulterior,adj. 将来的，较远的；在那边的；隐秘不明的
dormant,adj. 休眠的；静止的；睡眠状态的；隐匿的
transitional,adj. 变迁的；过渡期的
neoclassical,adj. 新古典主义的
patronage,n. 赞助；光顾；任免权
dissatisfied,v. 使不满（dissatisfy的过去式和过去分词） adj. 不满意的；不高兴的；流露不满的
overlie,vt. 躺在…上面；覆在…上面；压在（婴儿、幼仔）身上使之窒息而死
replenish,vt. 补充，再装满；把…装满；给…添加燃料
treatise,n. 论述；论文；专著
regurgitate,vt. 使回流；使回涌；使反刍 vi. 回流；回涌；反胃；反刍
departmental,adj. 部门的；各县的；分科的
trickle,n. 滴，淌；细流 vt. 使…滴；使…淌；使…细细地流 vi. 滴；细细地流；慢慢地移动
wean,n. （苏格兰）幼儿 vt. 使断奶；使断念；使放弃
microcosm,n. 微观世界；小宇宙；作为宇宙缩影的人类；缩图（等于microcosmos）
detract,vi. 贬低；减去 vt. 转移，使分心
flicker,n. 闪烁；闪光；电影 vi. 闪烁；摇曳；颤动；扑动翅膀；假装昏倒 vt. 使闪烁；使摇曳
barter,n. 易货贸易；物物交换；实物交易 vt. 以…作为交换；拿…进行易货贸易 vi. 进行易货贸易； 作物物交换；讨价还价
apprehensive,adj. 忧虑的；不安的；敏悟的；知晓的
monumental,adj. 不朽的；纪念碑的；非常的
meticulous,adj. 一丝不苟的；小心翼翼的；拘泥小节的
nocturnal,adj. 夜的；夜曲的；夜间发生的
tardy,n. 迟到 adj. 缓慢的，迟缓的；迟到的
suffrage,n. 选举权；投票；参政权；代祷；赞成票
optic,adj. 光学的；视觉的；眼睛的 n. 眼睛；镜片
plaintiff,n. 原告
exodus,n. 《出埃及记》（《圣经》第二卷）
acclaim,n. 欢呼，喝彩；称赞 vt. 称赞；为…喝彩，向…欢呼 vi. 欢呼，喝彩
innate,adj. 先天的；固有的；与生俱来的
trespass,n. 罪过；非法侵入；过失；擅自进入 vi. 侵入；犯罪；打扰；冒犯
avid,adj. 渴望的，贪婪的；热心的
facade,n. 正面；表面；外观
proportionate,adj. 成比例的；相称的；适当的 vt. 使成比例；使相称
exhilaration,n. 愉快；令人高兴
emboss,vt. 使凸出；在……上作浮雕图案；装饰
overwork,vi. 工作过度 vt. 工作过度 n. 过度工作 过度工作的
ingestion,n. 摄取；吸收；咽下
substantially,adv. 实质上；大体上；充分地
provenance,n. 出处，起源
cram,n. 死记硬背；极度拥挤 adj. 填鸭式学的 vi. 狼吞虎咽地吃东西；死记硬背功课 vt. 填满，塞满；死记硬背；猛吃
futile,adj. 无用的；无效的；没有出息的；琐细的；不重要的
influx,n. 流入；汇集；河流的汇集处
airtight,adj. 密闭的，密封的；无懈可击的
stereoscopic,adj. 立体的；体视镜的；有立体感的
cumbersome,adj. 笨重的；累赘的；难处理的
workforce,n. 劳动力；工人总数，职工总数
immunity,n. 免疫力；豁免权；免除
unadorned,adj. 朴素的；未装饰的
excrete,vt. 排泄；分泌
credence,n. 信任；凭证；祭器台（等于credence table，credenza）
ordinance,n. 条例；法令；圣餐礼
solvent,n. 溶剂；解决方法 adj. 有偿付能力的；有溶解力的
versatility,n. 多功能性；多才多艺；用途广泛
urbanisation,n. 城市化（等于urbanization）
supplant,vt. 代替；排挤掉
chronological,adj. 按年代顺序排列的；依时间前后排列而记载的
fieldwork,n. 野外工作；现场工作；野战工事
locomotion,n. 运动；移动；旅行
amphibious,adj.  两栖的，水陆两用的；具有双重性的
compliance,n. 顺从，服从；承诺
preservative,n. 防腐剂；预防法；防护层 adj. 防腐的；有保存力的；有保护性的
preeminent,adj. 卓越的；超群的
highland,n. 高地；丘陵地带 adj. 高原的；高地的
internist,n.  内科医生
manoeuvre,vi. 调动；演习；用策略 vt. 诱使；操纵；耍花招 n. 策略（等于maneuvre）
gloss,n. 光彩；注释；假象 vt. 使光彩；掩盖；注释
reinvigorate,vt. 使再振作；使复兴
improvisation,n. 即兴创作；即席演奏
reliant,adj. 依赖的；可靠的；信赖的
tenacious,adj. 顽强的；坚韧的；固执的；紧握的；黏着力强的
precursor,n. 先驱，前导
vernacular,n. 本地话，方言；动植物的俗名 adj. 本国的；地方的；用本地语写成的
sanctuary,n. 避难所；至圣所；耶路撒冷的神殿
trustworthy,adj. 可靠的；可信赖的
succinct,adj. 简洁的；简明的；紧身的
hurdle,n. 障碍；栏；跳栏 vt. 克服 vi. 克服；跳过
asymmetry,n. 不对称
multinational,adj. 跨国公司的；多国的 n. 跨国公司
incubate,n. 孵育物 vt. 孵化；培养；温育；逐渐发展 vi. 孵化；酝酿
compatriot,n. 同胞；同国人 adj. 同胞的；同国的
pigment,n.  色素；颜料 vt. 给…着色 vi. 呈现颜色
slacken,vi. 松劲，懈怠；变松弛；变缓慢 vt. 使缓慢；使松弛
empathy,n. 神入；移情作用；执着 n. 感同身受；同感；共鸣
well-being,n. 幸福；康乐
transcription,n. 抄写；抄本；誊写
buttress,n. 扶壁；拱壁；支撑物 vt. 支持；以扶壁支撑
lava,n. 火山岩浆；火山所喷出的熔岩
concur,vi. 同意；一致；互助
superstitious,adj. 迷信的；由迷信引起的
conspiracy,n. 阴谋；共谋；阴谋集团
tillable,adj. 适于耕种的，可耕种的
mimetic,adj. 模仿的；拟态的；类似的
imbibe,vt. 吸收，接受；喝；吸入
allure,n. 诱惑力 vt. 引诱，诱惑；吸引 vi. 诱人，吸引人
proliferation,n. 增殖，扩散；分芽繁殖
endeavour,n. 尽力，竭力 vi. 竭力；企图 vt. 竭力做到，试图或力图（做某事）
virtuous,adj. 善良的；有道德的；贞洁的；正直的；有效力的
voracious,adj. 贪婪的；贪吃的；狼吞虎咽的
audit,n. 审计； 查账 vt. （美）旁听 vi. 审计； 查账
humility,n. 谦卑，谦逊
obsolescence,n.  退化；荒废
stimulation,n. 刺激；激励，鼓舞
optimal,adj. 最佳的；最理想的
trivialise,vt. <贬>使显得琐碎，轻视
scour,n. 擦，冲刷；洗涤剂；（畜类等的）腹泻 vt. 擦亮，洗涤；冲洗，清除 vi. 冲刷；擦；腹泻
aspire,vi. 渴望；立志；追求
extrapolation,n.  外推法；推断
utilisation,n. 使用（等于utilization）；利用
invoke,vt. 调用；祈求；引起；恳求
philanthropic,adj. 博爱的；仁慈的
migratory,adj. 迁移的；流浪的
humane,adj. 仁慈的，人道的；高尚的
predator,n.  捕食者； 食肉动物；掠夺者
perpetuate,vt. 使不朽；保持 adj. 长存的
flounder,n. 挣扎，辗转；比目鱼 vi. 挣扎，折腾；错乱地做事或说话
eminent,adj. 杰出的；有名的；明显的
requisition,n. 征用；要求；申请书；引渡要求 vt. 征用；申请领取
popularise,vt. 使受欢迎; 普及; 使通俗化; 使易懂
escalate,vt. 使逐步上升 vi. 逐步增强；逐步升高
awry,adj. 错误的；扭曲的 adv. 歪曲地；歪斜地；错误地
encompass,vt. 包含；包围，环绕；完成
discourteous,adj. 失礼的，无礼貌的；粗鲁的
disempower,vt. 剥夺权力；力量剥夺；使失去影响力
infirmity,n. 虚弱；疾病；衰弱；缺点
affluent,n. 支流；富人 adj. 富裕的；丰富的；流畅的
longitudinal,adj. 长度的，纵向的；经线的
surrogate,n. 代理；代用品；遗嘱检验法官 adj. 代理的；替代的 vt. 代理；指定某人为自己的代理人
disapprove,vi. 不赞成；不喜欢 vt. 不赞成；不同意
excreta,n. 排泄物，分泌物
simplistic,adj. 过分简单化的；过分单纯化的
savour,n. 滋味；风味 vt. 具有…的特点；加调味品于；使有风味
hallowed,adj. 神圣的，神圣化的
incapacitate,vt. 使无能力；使不能；使不适于
collate,vt. 核对，校对；校勘
discerning,adj. 有辨识能力的；眼光敏锐的 v. 辨别（discern的ing形式）
calamitous,adj. 灾难的，悲惨的；不幸的
audition,n. 听力，听觉；试听 vt. 对…进行面试；让…试唱 vi. 试听；试音
outsell,vt. 卖得比…多
unyielding,adj. 不屈的；坚强的； 不易弯曲的
exacerbate,vt. 使加剧；使恶化；激怒
depletion,n. 消耗；损耗；放血
antiquity,n. 高龄；古物；古代的遗物
spasm,n.  痉挛；抽搐；一阵发作
renewal,n. 更新，恢复；复兴；补充；革新；续借；重申
deploy,n. 部署 vt. 配置；展开；使疏开 vi. 部署；展开
augment,n. 增加；增大 vt. 增加；增大 vi. 增加；增大
intrusive,adj. 侵入的；打扰的
jostle,vt. 推挤，撞；争夺 vi. 竞争，争夺；推挤 n. 推撞，挤拥
frigid,adj. 寒冷的，严寒的；冷淡的
synchronisation,n. 同步；同一时刻；同时发生
affectionately,adv. 亲切地；挚爱地
aquatic,n. 水上运动；水生植物或动物 adj. 水生的；水栖的；在水中或水面进行的
niggle,vi. 拘泥小节；为琐事费时；挑剔 vt. 小气地给…；玩忽
touchstone,n. 试金石；（检验）标准
celestial,n. 神仙，天堂里的居民 adj. 天上的，天空的
literate,adj. 受过教育的；精通文学的 n. 学者
viral,adj. 病毒性的
invigorating,adj. 爽快的；精力充沛的 vt. 振兴（invigorate的ing形式）
fallow,n. 休耕地；休耕 adj. 休耕的；不活跃的 vt. 使（土地）休闲；潜伏
consequential,adj. 间接的；结果的；重要的；随之发生的；自傲的
résumé,
proactive,adj. 前摄的（前一活动中的因素对后一活动造成影响的）；有前瞻性的，先行一步的；积极主动的
absurdity,n. 荒谬；谬论；荒谬的言行
photocopy,n. 复印件；影印 vt. 影印 vi. 影印，复印
crouch,n. 蹲伏 vt. 低头；屈膝 vi. 蹲伏，蜷伏；卑躬屈膝
admonish,vt. 告诫；劝告
assent,n. 同意；赞成 vi. 同意；赞成
pollinate,vt. 对...授粉
besiege,vt. 围困；包围；烦扰
inaudible,adj. 听不见的；不可闻的
scuffle,n. 混战；扭打 vi. 扭打；乱斗；拖着脚走路
judicious,adj. 明智的；头脑精明的；判断正确的
itinerary,n. 旅程，路线； 旅行日程 adj. 旅程的； 巡回的，流动的
conducive,adj. 有益的；有助于…的
cohesive,adj. 凝聚的；有结合力的；紧密结合的；有粘着力的
torrent,n. 奔流；倾注；迸发；连续不断
venomous,adj. 有毒的；恶毒的；分泌毒液的；怨恨的
cavort,vi. 腾跃；欢跃；寻欢作乐
decipher,n. 密电译文 vt. 解释（过去式deciphered，过去分词deciphered，现在分词deciphering，第三人称单数deciphers，名词decipherer，形容词decipherable）；译解
antipathy,n. 反感；厌恶；憎恶；不相容
tributary,n. 支流；进贡国；附属国 adj. 纳贡的；附属的；辅助的
emphasise,vt. （英）强调；加强…的语气（等于emphasize ）
ardour,n. 激情；热情；情欲；灼热
stocky,adj. 矮壮的；健壮结实的
lurk,vi. 潜伏；潜藏；埋伏 n. 潜伏；埋伏
censorship,n. 审查制度；审查机构
mundane,adj. 世俗的，平凡的；世界的，宇宙的
engulf,vt. 吞没；吞食，狼吞虎咽
contagious,adj. 感染性的；会蔓延的
jeopardise,vt. 危及（等于jeopardize）；使…受危险
microbiology,n. 微生物学
embellish,vt. 修饰；装饰；润色 vi. 装饰起来；加以润色
divulge,vt. 泄露；暴露
contaminant,n. 污染物；致污物
zoological,adj. 动物的，动物学的 n. 动物园
deterrent,n. 威慑；妨碍物；挽留的事物 adj. 遏制的，威慑的；制止的
insolvency,n. 破产，无力偿还；倒闭
arbitrate,vt. 仲裁；公断
agile,adj. 敏捷的；机敏的；活泼的
devalue,vt. 使贬值；降低…的价值 vi. 贬值
inexorable,adj. 无情的；不屈不挠的；不可阻挡的；无法改变的
picturesque,adj. 独特的；生动的；别致的；图画般的
destabilise,vt. 破坏政府的稳定
languish,vi. 憔悴；凋萎；失去活力；苦思
crumple,n. 皱纹；褶皱 vi. 起皱；倒坍；一蹶不振 vt. 弄皱；使一蹶不振
incendiary,n. 燃烧弹；纵火犯，放火者；煽动者 adj. 煽动的；放火的，纵火的
wholesale,n. 批发 adj. 批发的；大规模的 vt. 批发 adv. 大规模地；以批发方式 vi. 批发；经营批发业
adjunct,n. 附属物；助手；修饰语 adj. 附属的
waggle,n. 摇摆；摆动 vt. 摆动；来回摇动 vi. 摇摆；不停地来回摇动
exuberant,adj. 繁茂的；生气勃勃的，充溢的
deductive,adj. 演绎的；推论的；推断的
impulsively,adv. 有推动力地
lunatic,adj. 疯狂的；精神错乱的；愚蠢的 n. 疯子；疯人
surveillance,n. 监督；监视
laden,adj. 负载的；装满的；苦恼的 vt. 装载（等于lade） vi. 装载（等于lade） v. 装载（lade的过去分词）
equivocal,adj. 模棱两可的；可疑的
affirmative,n. 肯定语；赞成的一方 adj. 肯定的；积极的
precarious,adj. 危险的；不确定的
resit,n. 补考；重考 vi. 补考；重考 vt. （英）重考；补考
publicise,vt. 宣传，宣扬；公布，颂
shudder,n. 发抖；战栗；震动 vi. 发抖；战栗
prodigy,n. 奇迹，奇事；奇才；奇观；预兆
lethal,adj. 致命的，致死的 n. 致死因子
hectic,n. 脸红；患肺结核 adj. 兴奋的，狂热的；脸上发红；肺病的；忙碌的
stash,n. 藏匿处；藏匿物 vt. 存放；贮藏 vi. 存放；藏起来
relocate,n. 浮动 vt. 重新安置；迁移 vi. 重新安置；迁移新址
infrastructure,n. 基础设施；公共建设；下部构造
covert,n. 隐藏处；树丛；蔽覆羽翮基部的羽毛 adj. 隐蔽的；隐密的；偷偷摸摸的；在丈夫保护下的
condolence,n. 哀悼；慰问
trek,n. 艰苦跋涉 vi. 艰苦跋涉 vt. （牛）拉（货车）；搬运
enrol,vi. 注册；参军 vt. 登记；卷起；入学；使入会
offshoot,n. 分支；支流；衍生物
envision,vt. 想象；预想
wobble,n. 摆动；摇晃；不稳定 vt. 使摇摆；使颤动；摇动 vi. 摇晃；摇摆；游移不定
outstrip,vt. 超过；胜过；比…跑得快
plagiarism,n. 剽窃；剽窃物
habitable,adj. 可居住的；适于居住的
bustle,n. 喧闹；活跃；裙撑；热闹的活动 vt. 使忙碌；催促 vi. 喧闹；忙乱；充满
ventilation,n. 通风设备；空气流通
enrolment,n. 登记，注册；入学
periphery,n. 外围，边缘；圆周；圆柱体表面
illegible,adj. 难辨认的；字迹模糊的
flinch,n. 退缩；畏惧 vi. 退缩；畏惧
imperceptible,adj. 感觉不到的；极细微的
ingrain,n. 固有品质；原纱染色；生染的纤维 adj. 生染的；原纱染色的；根深蒂固的 vt. 使…根深蒂固；就…原料染色；生染
perpetrate,vt. 犯（罪）；做（恶）
uphill,n. 上升；登高 adj. 上坡的，向上的 adv. 向上地；往上坡
ambivalence,n.  矛盾情绪；正反感情并存
avenge,vt. 替…报仇 vi. 报复，报仇
cultivation,n. 培养；耕作；耕种；教化；文雅
enfranchise,vt. 给予选举权；给予自治权；解放，释放
myriad,adj. 无数的；种种的 n. 无数，极大数量；无数的人或物
crystallise,vt. 使…结晶；使具体化（等于crystallize）
penalise,vt. 对…予以惩罚; 使处于不利地位
hassle,n. 困难，麻烦；激战 vt. 找麻烦，搅扰；与…争辩；使…烦恼 vi. 争论，争辩
sedentary,adj. 久坐的；坐惯的；定栖的；静坐的
emeritus,adj. 退休的；名誉退休的
conductive,adj. 传导的；传导性的；有传导力的
libel,n. 诽谤罪；诋毁；毁坏名誉的东西；控诉书 vt. 中伤；控告；对…进行诽谤 vi. 进行文字诽谤
introspection,n. 内省；反省
subtitle,n. 副标题；说明或对白的字幕 vt. 在…上印字幕；给…加副标题
celebrity,n. 名人；名声
inferential,adj. 推理的；推论的；根据推理的
luxuriant,adj. 繁茂的；丰富的；奢华的；肥沃的
portend,vt. 预示；预兆；意味着
topography,n. 地势；地形学；地志
mastery,n. 掌握；精通；优势；征服；统治权
exorbitant,adj. （要价等）过高的；（性格等）过分的；不在法律范围之内的
erode,vt. 腐蚀，侵蚀 vi. 侵蚀；受腐蚀
buckle,n. 皮带扣，带扣 vi. 扣住；变弯曲 vt. 扣住；使弯曲
lapse,n. (一时的) 走神，判断错误
feign,vt. 假装；装作；捏造；想象 vi. 假装；装作；作假；佯作
predicate,n. 谓语，述语 adj. 谓语的；述语的 vt. 断定为…；使…基于 vi. 断言，断定
destitute,n. 赤贫者 adj. 穷困的；无的；缺乏的 vt. 使穷困；夺去
enact,vt. 颁布；制定法律；扮演；发生
extort,vt. 敲诈；侵占；强求；牵强地引出
grapple,n. 抓住；格斗 vi. 抓住；格斗；抓斗机 vt. 抓住；与…格斗
cursory,adj. 粗略的；草率的；匆忙的
refurbishment,n. 整修；翻新；重新磨亮
ambience,n. 气氛，布景；周围环境
assay,n. 化验；试验 vt. 分析；化验；尝试 vi. 鉴定；经检验证明内含成分
consort,n. 配偶；伙伴 vt. 使结合；使联系 vi. 结交；陪伴；符合
scruple,n. 微量；顾虑；踌躇 vi. 有顾忌；踌躇 vt. 对…有顾虑
morale,n. 士气，斗志
euthanasia,n. 安乐死；安乐死术
delineate,vt. 描绘；描写；画…的轮廓
efficacy,n. 功效，效力
ludicrous,adj. 滑稽的；荒唐的
perverse,adj. 堕落的，不正当的；倔强的；违反常情的
contingent,n. 分遣队；偶然事件；分得部分；代表团 adj. 因情况而异的；不一定的；偶然发生的；可能的；依情况而定的；偶然的；有条件的
delicacy,n. 美味；佳肴；微妙；精密；精美；敏锐，敏感；世故，圆滑
formality,n. 礼节；拘谨；仪式；正式手续
engrave,vt. 雕刻；铭记
regimen,n.  养生法；生活规则；政体；支配
homeopathy,n.  顺势疗法；同种疗法
repellent,n. 防护剂；防水布；排斥力 adj. 排斥的；防水的；弹回的；令人讨厌的
enlist,vt. 使入伍；征募；谋取…的赞助或帮助 vi. 支持；从军；应募；赞助
informant,n. 被调查者；告密者；提供消息者
hiccup,n. 打嗝 vi. 打嗝 vt. 呃逆着（或间断地）说出
perquisite,n. 额外补贴；临时津贴；特权
scrupulous,adj. 细心的；小心谨慎的；一丝不苟的
excavate,vt. 挖掘；开凿 vi. 发掘；细查
pivotal,n. 关键事物；中心事物 adj. 关键的；中枢的；枢轴的
stint,n. 节约；定额，定量 vt. 节省；限制 vi. 紧缩，节省
hybrid,n. 杂种，混血儿；混合物 adj. 混合的；杂种的
succumb,vi. 屈服；死；被压垮
clientele,n. 客户；诉讼委托人
paraphernalia,n. 随身用具；全部有关的事物；设备
antiseptic,n. 防腐剂，抗菌剂 adj. 防腐的，抗菌的；非常整洁的
brazen,adj. 厚颜无耻的；无所顾忌的；黄铜制的 vt. 使变得无耻；厚脸皮地做
prowess,n. 英勇；超凡技术；勇猛
forensic,adj. 法院的；辩论的；适于法庭的
arrogance,n. 自大；傲慢态度
unblemished,adj. 无缺点的；清白的
slouch,n. 下垂；笨拙的人，懒散的人；懒散的样子 vt. 使下垂 vi. 没精打采地站；耷拉
venom,n. 毒液；恶意 vt. 使有毒；放毒
holistic,adj. 整体的；全盘的
chink,n. 裂缝；叮当声；裂口 vt. 使叮当响 vi. 叮当响
opulent,adj. 丰富的；富裕的；大量的
tranquility,n. 宁静；平静
annotation,n. 注释；注解；释文
infection,n. 感染；传染；影响；传染病
livelihood,n. 生计，生活；营生
livestock,n. 牲畜；家畜
arboreal,adj. 树木的；栖息在树上的
custodial,n. 圣物保管容器 adj. 保管的；保管人的
predominate,vt. 支配，主宰；在…中占优势 vi. 占主导（或支配）地位；占优势
inconsistency,n. 不一致；易变
overpopulation,n. 人口过剩
staggering,adj. 惊人的，令人震惊的
overconfidence,n. 自负；过分相信
excruciating,adj. 折磨人的；使苦恼的 v. 折磨；使苦恼；使受酷刑（excruciate的ing形式）
conduce,vi. 导致；有益，有贡献于
disharmony,n. 不一致；不调和；不融洽
refundable,adj. 可退还的；可偿还的
puerile,adj. 幼稚的；孩子气的；未成熟的；天真的
malnutrition,n. 营养失调，营养不良
biased,adj. 有偏见的；结果偏倚的，有偏的
unveil,vt. 使公之于众，揭开；揭幕 vi. 除去面纱；显露
inflame,vt. 激怒；使燃烧；使发炎 vi. 燃烧；发炎；激动
retailing,n. 零售业 v. 零售（retail的ing形式）
upcoming,adj. 即将来临的
lucrative,adj. 有利可图的，赚钱的；合算的
annihilate,vt. 歼灭；战胜；废止 vi. 湮灭；湮没
inclusion,n. 包含；内含物
redemption,n. 赎回；拯救；偿还；实践
distributor,n. 经销商；批发商； 分配器；分配者；散布者； 配电盘
communal,adj. 公共的；公社的
undetected,adj. 未被发现的；未检测到的
windscreen,n. 汽车挡风玻璃
sewage,n. 污水；下水道；污物
vacancy,n. 空缺；空位；空白；空虚
outlay,vt. 花费 n.  经费；支出；费用
sluttish,adj. 懒惰的，邋遢的，淫荡的
inductive,adj.  归纳的； 感应的；诱导的
pensioner,n. 领养老金者；领取抚恤金者
asthma,n.  哮喘，气喘
by-product,n. 副产品；附带产生的结果；意外收获
delta,n. （河流的）三角洲；德耳塔（希腊字母的第四个字）
taunt,n. 嘲弄；讥讽 adj. 很高的 vt. 奚落；逗弄
preventative,n. 预防法；预防物 adj. 预防性的；防止的
worn-out,adj. 磨破的；穿旧的；不能再用的
attainable,adj. 可得到的；可达到的；可到达的
mythology,n. 神话；神话学；神话集
fertilise,vt. 使受精；施肥于；使肥沃
catalyse,vt. 催化；促成（等于catalyze）
unforeseen,adj. 未预见到的，无法预料的
buffer,n.  缓冲区；缓冲器， 减震器 vt. 缓冲
booming,adj. 兴旺的，繁荣的；大受欢迎的 v. 兴旺（boom的ing形式）；发出隆隆声
legislative,adj. 立法的；有立法权的 n. 立法权；立法机构
enigma,n. 谜，不可思议的东西
misjudge,vi. 判断错 vt. 对…判断错误
in-depth,adj. 彻底的，深入的
transcript,n. 成绩单；抄本，副本；文字记录
unbeatable,adj. 无敌的；无以伦比的
calibrate,vt. 校正；调整；测定口径
prosaic,adj. 平凡的，乏味的；散文体的
advent,n. 到来；出现；基督降临；基督降临节
overrun,n. 泛滥成灾；超出限度 vt. 泛滥；超过；蹂躏 vi. 泛滥；蔓延
jumble,n. 混乱；杂乱的一堆东西 vi. 混杂；搀杂 vt. 使混乱；搞乱
authenticate,vt. 鉴定；证明…是真实的
incoming,n. 进入；到来；常作 incomings 收入，收益 adj. 进来的，到来的； 即将就任的
compassionate,adj. 慈悲的；富于同情心的 vt. 同情；怜悯
dissertation,n. 论文，专题；学术演讲
vomit,n. 呕吐；呕吐物；催吐剂 vi. 呕吐；吐出 vt. 吐出；使……呕吐
rudimentary,adj. 基本的；初步的；退化的；残遗的；未发展的
standby,n. 备用品；可信赖的人 adj. 备用的 adv. 备用地；待命地
foyer,n. 门厅，休息室；大厅
thorny,adj. 多刺的；痛苦的；令人苦恼的
rampant,adj. 猖獗的；蔓延的；狂暴的；奔放的
unconcerned,adj. 不关心的；无关的；无忧虑的
elusive,adj. 难懂的；易忘的；逃避的；难捉摸的
filthy,adj. 肮脏的；污秽的；猥亵的
entwine,vt. 缠住；盘绕；使缠绕 vi. 缠住；盘绕
custody,n. 保管；监护；拘留；抚养权
fraught,adj. 担心的，忧虑的；充满…的
personalise,vt. 在（某物上）作物主标志（尤指表示物主的地址或姓名的首字母）; 使（某事物）针对个人、带有个人感情或个性化
obstruct,vt. 妨碍；阻塞；遮断 vi. 阻塞；设障碍
arable,n. 耕地 adj. 适于耕种的；可开垦的
interdependent,adj. 相互依赖的；互助的
countless,adj. 无数的；数不尽的
sleek,adj. 圆滑的；井然有序的 vt. 使…光滑；掩盖 vi. 打扮整洁；滑动
burgeon,"vt. 萌芽, 发芽 n. 芽, 嫩枝 vi. 萌芽, 发芽"
encroach,vi. 蚕食，侵占
hiking,n. 徒步旅行
documentation,"n. 文件, 证明文件, 史实, 文件编制"
merchandising,n. 推销；销售规划 v. 推销；经营（merchandise的ing形式）
outflow,n. 流出；流出量；流出物 vi. 流出
decoy,n. 诱饵；诱骗 vt. 诱骗 vi. 被诱
acrobat,n. 杂技演员，特技演员；随机应变者；翻云覆雨者，善变者
topple,vt. 推翻；颠覆；使倒塌 vi. 倾倒；倒塌；摇摇欲坠
clench,vt. 紧握；确定；把…敲弯 vi. 握紧；钉牢 n. 紧抓；敲环脚
turnout,n. 产量；出席者；参加人数；出动；清除； 岔道
condensation,n. 冷凝；凝结；压缩；缩合聚合
homestay,n. （在国外的访问者）在当地居民家居住的时期
retractable,adj. 可取消的，可缩回的；伸缩自如的
marginally,adv. 少量地；最低限度地；在栏外；在页边
bequeath,vt. 遗赠；把…遗赠给；把…传下去
sundries,n. 杂物；杂货；杂件
procrastination,n. 耽搁，拖延；拖延症
uncharted,adj. 未知的；图上未标明的
bode,vt. 预示；为…的兆头 v. 停留；继续；遭到（bide的过去式） vi. 预示
saline,n. 盐湖；碱盐泻药 adj. 盐的；含盐分的
transmute,vt. 使变形；使变质 vi. 变形；变质
placement,n. 布置；定位球；人员配置
aerobics,n. 有氧运动法；增氧健身法
curtail,vt. 缩减；剪短；剥夺…特权等
reimburse,vt. 偿还；赔偿
atrophy,n. 萎缩，萎缩症；发育停止 vi. 萎缩；虚脱
inundate,vt. 淹没；泛滥；浸水；（洪水般的）扑来
impoverish,vt. 使贫穷；使枯竭
crockery,n. 陶器；瓦器；土器
ejection,n. 喷出；排出物
excusable,adj. 可原谅的；可辩解的；可免除的
mercenary,adj. 雇佣的；唯利是图的 n. 雇佣兵；唯利是图者
ethical,n. 处方药 adj. 伦理的；道德的；凭处方出售的
bombard,n. 射石炮 vt. 轰炸；炮击
stark,adj. 完全的；荒凉的；刻板的；光秃秃的；朴实的 adv. 完全；明显地；突出地；质朴地
outskirts,n. 市郊，郊区
spurious,adj. 假的；伪造的；欺骗的
dimensional,adj. 空间的；尺寸的
seep,n. 小泉；水陆两用的吉普车 vi. 漏；渗出
extra-curricular,adj. 课外的
dilapidate,vt. 荒废；毁坏 vi. 毁坏；荒废；浪费
accounting,n. 会计，会计学；账单 v. 解释（account的ing形式）；叙述
temperate,adj. 温和的；适度的；有节制的
anthropology,n. 人类学 人类学家
hypnotic,n. 安眠药；催眠状态的人 adj. 催眠的，催眠术的；易于催眠的
overdraft,n.  透支； 透支额 vt.  透支
proprietary,n. 所有权；所有人 adj. 所有的；专利的；私人拥有的
horrify,vt. 使恐惧；惊骇；使极度厌恶
millennium,n. 千年期，千禧年；一千年，千年纪念；太平盛世，黄金时代
posterity,n. 子孙，后裔；后代
estrange,vt. 使疏远；离间
seclude,vt. 使隔离，使隔绝
fete,n. 祭祀；庆祝；节日；游乐会 vt. 宴请；招待
consanguinity,n. 血亲，同族；亲密关系
soothing,v. 安慰；减轻痛苦（soothe的现在分词） adj. 抚慰的；使人宽心的
shin,n. 胫骨 vt. 爬；攀 vi. 攀；快步走
palatable,adj. 美味的，可口的；愉快的
anomaly,n. 异常；不规则；反常事物
self-esteem,n. 自尊；自负；自大
imposing,v. impose的ing形式 adj. （建筑物等）壮观的；威风的；（仪表）堂堂的；给人深刻印象的
converse,n. 逆行，逆向；倒；相反的事物 adj. 相反的，逆向的；颠倒的 vi. 交谈，谈话；认识 n. 匡威（服装品牌）
unmanned,adj. 无人的；无人操纵的；被阉割的 v. 使失去男子气质（unman的过去式和过去分词形式）
smear,n. 涂片；诽谤；污点 vt. 诽谤；弄脏；涂上；把…擦模糊 vi. 被弄脏
diversify,vt. 使多样化，使变化；增加产品种类以扩大
roughly,adv. 粗糙地；概略地
acoustic,n. 原声乐器；不用电传音的乐器 adj. 声学的；音响的；听觉的
revegetate,v. 再生长，再植
replicate,n. 复制品；八音阶间隔的反覆音 vt. 复制；折叠 adj. 复制的；折叠的 vi. 重复；折转
anecdotal,adj. 轶事的；轶事一样的；多轶事的
enigmatic,adj. 神秘的；高深莫测的；谜一般的
caring,v. 关心；照顾（care的现在分词） adj. 有同情心的；表示或感到关怀或关心的
barbaric,adj. 野蛮的，粗野的；原始的
acquisitive,adj. 贪得的；想获得的；可学到的；有获得可能性的
greasy,adj. 油腻的；含脂肪多的；谄媚的
backbone,n. 支柱；主干网；决心，毅力；脊椎
evacuate,vt. 疏散，撤退；排泄 vi. 疏散；撤退；排泄
auspicious,adj. 吉兆的，吉利的；幸运的
habitat,n.  栖息地，产地
centennial,n. 百年纪念 adj. 一百年的
squirt,n. 喷射；注射 vt. 喷湿 vi. 喷出
robotic,n. 机器人学 adj. 机器人的，像机器人的；自动的
eco-friendly,adj. 对生态环境友好的，不妨害生态环境的；不损坏生态环境的
disparage,vt. 蔑视；毁谤
coalesce,vt. 使…联合；使…合并 vi. 合并；结合；联合
congenial,adj. 意气相投的；性格相似的；适意的；一致的
disruption,n. 破坏，毁坏；分裂，瓦解
modish,adj. 流行的；时髦的
nutritional,adj. 营养的；滋养的
undisguised,adj. 无伪装的；公开的；不戴假面具的
disfigure,vt. 使变丑；损毁…的外形；使大为减色
dispense,vi. 免除，豁免 vt. 分配，分发；免除；执行
repercussion,n. 反响；弹回；反射；浮动诊胎法；令人不满意的后果
insecticide,n. 杀虫剂
vibrant,adj. 振动的；充满生气的；响亮的；战栗的
bolster,n. 支持；长枕 vt. 支持；支撑
epitomise,vt. 象征；体现；代表（等于epitomize）
expiry,n. 满期，逾期；呼气；终结
silt,n. 淤泥，泥沙；煤粉；残渣 vt. 使淤塞；充塞 vi. 淤塞，充塞；为淤泥堵塞
clout,n. 破布；敲打；影响力；势力 vt. 给…打补钉；猛击
enhancer,n.  增强子；强化剂；增加者
congestion,n. 拥挤；拥塞；淤血
decrepit,adj. 衰老的；破旧的
incubation,n. 孵化； 潜伏；抱蛋
divergence,n. 分歧
secede,vt. 从…中脱离；割让 vi. 脱离；退出
extol,vt. 颂扬；赞美；赞颂
vanguard,n. 先锋；前锋科学卫星
stabilise,vt. 使…坚固；使…安定；装稳定器（等于stablize） vi. 稳定；安定
counterproductive,adj. 反生产的；使达不到预期目标的
murky,adj. 黑暗的；朦胧的；阴郁的
sufferance,n. 容许；忍耐；默许
optimisation,最佳化，最优法; 最优化
shroud,n. 寿衣；覆盖物；船的横桅索； 护罩 vt. 覆盖；包以尸衣
disqualify,vt. 取消…的资格
irrevocable,adj. 不可改变的；不能取消的；不能挽回的
ancestral,adj. 祖先的；祖传的
despoil,vt. 掠夺，剥夺；夺取
assiduous,adj. 刻苦的，勤勉的
cooperation,n. 合作，协作； 协力
deference,n. 顺从；尊重
discredit,n. 怀疑；无信用；名声的败坏 vt. 不信；使……丢脸
wreak,vt. 发泄；报仇；造成（巨大的破坏或伤害）
exploratory,adj. 勘探的；探究的；考察的
havoc,n. 大破坏；浩劫；蹂躏 vt. 严重破坏 vi. 损毁
utilise,vt. 使用（等于utilize）；利用
audacious,adj. 无畏的；鲁莽的
sterilise,vt. 使无用; 使无菌; 使绝育; 使贫瘠化
itinerant,n. 巡回者；行商 adj. 巡回的；流动的
generalise,vi. 推广；笼统地讲；概括（等于generalize） vt. 概括；归纳；普及
curry,n. 咖哩粉，咖喱；咖哩饭菜 vt. 用咖喱烧，给…加咖喱粉；梳刷；鞭打
incongruous,adj. 不协调的；不一致的；不和谐的
obsession,n. 痴迷；困扰； 强迫观念
confiscate,vt. 没收；充公；查抄 adj. 被没收的
authorise,vt. 授权；批准；允许；委任（等于authorize）
liaise,vi. 保持联络；担任联络官
reciprocate,vt. 报答；互换；互给 vi. 往复运动；互换；酬答；互给
innocence,n. 清白，无罪；天真无邪
enslave,vt. 束缚；征服；使某人成为奴隶
turmoil,n. 混乱，骚动
administer,vt. 管理；执行；给予 vi. 给予帮助；执行遗产管理人的职责；担当管理人
tactic,n. 策略，战略 adj. 按顺序的，依次排列的
corporal,n. 下士 adj. 肉体的，身体的
entrust,vt. 委托，信托
inviolable,adj. 不可侵犯的；神圣的；不可亵渎的
seduce,vt. 引诱；诱惑；诱奸；怂恿
clinical,adj. 临床的；诊所的
imprecise,adj. 不精确的；不严密的；不确切的
seniority,n. 长辈；老资格；前任者的特权
unprejudiced,adj. 没有成见的；公平的；无偏见的
scruffy,adj. 破旧的；肮脏的；不整齐的
superannuation,n. 退休；退休金；废弃；陈旧
inhumane,adj. 残忍的；无人情味的
facsimile,n. 传真；复写 adj. 复制的 vt. 传真；临摹
nomadic,adj. 游牧的；流浪的；游动的
doctorate,n. 博士学位；博士头衔
quibble,n. 谬论；双关语；遁辞 vi. 诡辩；挑剔；说模棱两可的话 vt. 对…诡辩
maritime,adj. 海的；海事的；沿海的；海员的
irresistible,adj. 不可抵抗的；不能压制的；极为诱人的
rusty,adj. 生锈的，腐蚀的；铁锈色的，锈色的；迟钝的
molten,adj. 熔化的；铸造的；炽热的 v. 换毛；脱毛（molt的过去分词）
revulsion,n. 剧变；厌恶；强烈反感；抽回
negligence,n. 疏忽；忽视；粗心大意
mandatory,adj. 强制的；托管的；命令的 n. 受托者（等于mandatary）
akin,adj. 类似的；同类的；同族的
stringent,adj. 严格的；严厉的；紧缩的；短缺的
a large amount of,det. 大量  大量的；许多；接不可数名词大量
a large number of,adj. 极多；许多  大量的；很多；表示大量的
a matter of course,na. 理所当然的(事情)；(作为)当然的事情  理所当然的事；顺理成章的事；必定的事
a variety of,det. 种种；形形色色  各种各样的；多种多样的；多种的
above all,na. 最主要的；最重要的是  首先；尤其是；特别是
absent from,adj. 缺席  不在；不在，没到场；别处的
according to,prep. 根据；按照；据（…所说）；按（…所报道）  依照；根据…所说；依据
account for,na. 证明；由于；说明(银钱等的)用途；打死  解释；占；说明…的原因
accuse of,un. 控告  指责；指控；因某事控告某人
act on,na. “Act upon”的变体  按照…而行动；对…起作用；按照…行动
add ... to ...,
add up to,na. 总计共达；总之就是  合计达；合计为；意味着
after all,na. 毕竟；终究；最后  究竟；到底；终于
against the will of sb.,
agree with sb.,
aim at,v. 目的在于  瞄准；针对；旨在
all of a sudden,na. “all at once”的变体；突然  突然地；惊变；忽然
all the same,na. 依然；“all/just the same”的变体  仍然；还是；尽管如此
all the time,na. 始终；老是  一直；总是；无时无刻
amount to,v. 合计  总计；等于；共计
and so forth,na. 等等；云云；“and so on/forth”的变体  如此等等；诸如此类；诸如此类，如此等等
anything but,na. 决不是；除…外什么都  除…以外任何事；一点也不；绝不
apart from,prep. 除了…外（都）；要不是；除了…外（还）；此外  除……之外；除...外；除去
apologise to sb.,
appeal to,v. 求助于；引起N  呼吁；吸引；上诉
apply for,v. 寻求；申请  提出申请；申请…职位；请求
apply to,v. 应用于  适用；适用于；应用到
approve of,na. 赞成  赞同；同意；赞赏，同意
arrange for,na. 约(会面时间)  安排；准备；为…作安排
as a matter of fact,na. 事实上；事实是  实际上；其实；实际情况
as a result,adv. 结果  因此；结果是；作为结果
as a whole,na. (作为一个)整体  作为一个整体；总体上；作为整体
as far as,na. 远到；就；尽；至于  远至；直到；就…而言
as follows,na. 如下；以下  如下所述；如下所示；如次
as for,na. 至于  关于；就…而言；对于
as the saying goes,
as to,na. 至于；说到  关于；如此……以便；关于至于
as usual,adv. 照常；照例  像往常一样；像平常一样；和往常一样
as well,na. 也；同样  又；还；也倒不如
ask for,na. 要(价)；来找  请求；要求；要求得到
at a glance,na. 一看就；初看  一瞥；一眼；一眼就
at a loss,na. 无办法；(猎犬)失去猎物嗅迹；亏本地  不知所措；困惑；茫然
at an end,adv. 完毕；结束  终结；结束了；在尽头
at any cost,na. 无论如何  不惜任何代价；不惜一切代价；成名诱惑
at best,na. 充其量也不过  至多；最多；最好也只是
at ease,na. 自由自在；=stand at ease.  稍息；安逸；舒适
at first,na. 首先  起先；最初；起初
at first hand,na. 直接  第一手；直接地；第一手地
at first sight,na. 乍看；一见就；乍看起来  乍一看；初看起来；真情难舍
at hand,na. 在手边；即将到来  在附近；眼前；近在手边
at last,na. 终于  最后；最终；终於
at least,na. 至少  最低限度；起码；最少
at length,na. 最后；充分地  详细地；终于；终于，最终
at once,na. 立刻；同时  马上；立即；即刻
at one's best,na. 最美时期；最得意处；发挥最高的技术水平  处在最好状态；处在最佳状态；处于最好状态
at one's convenience,na. 顺便；得便时  自便；任凭；乘便
at present,na. 目前  现在；当今；眼下
at random,na. 碰运气地；无目标地  随便地；随机地；随意地
at the age of,na. 在…岁时  在……岁时；在……岁的时候；在…年龄
at the cost of,na. 以…为牺牲  以…为代价；以…代价；以之为代价
at the expense of,na. 以…为代价；由…出钱；牺牲…  以…为牺牲；在损害…情况下；在损害……的情况下
at the mercy of,na. 完全受…支配  在…支配下；完全受...支配；任由…摆布
at the minute,片刻
at the risk of,na. 冒着…的危险  冒险；冒……的风险；冒着…风险
at the same time,na. 同时；另一方面；与此同时  然而；在同时；可是
at the sight of,na. 一看见就  一看见……就；一看到；一见到
at this point,un. 在…处；在…地方；在这时  此时；至此；在这一点上
at this rate,na. 这种样子  照此速度；照这种情形；这样的话
at times,na. 时时  有时；有时候；时常
at will,na. 任意；随意  随心所欲；任意地；随意地
at work,na. 做着；在工作；起着作用；运转中  在上班；起作用；在起作用
attribute ... to ...,
be about to,na. 准备  即将；正打算；将要
be absorbed in,na. 全神贯注在…；热衷于  全神贯注于；专心于；一心从事
be abundant in,丰富的，富裕的
be accused of,被指控；被指责，谴责；被控诉，控告
be accustomed to,"na. 惯于(苦干,早起)  习惯于；习惯於；习以为常"
be acquainted with,na. 了解；与…相识  熟悉；开始认识；开始了解
be addicted to,na. 嗜好  沉溺于；对……上瘾；沉迷于
be adept at,na. 善于  擅长；精通；擅长于
be afraid of,na. 怕  害怕；害怕某物；害怕某事
be against,na. 反对  反对某事；违反，无视，不顾；对抗
be anxious about,na. 担忧(某人健康)；害怕(结果)  焦虑；担心；为…而忧虑
be anxious for,na. 切望  渴望；急切盼望；急于做
be anxious to,v. 渴望；焦盼  想；他要紧去上班；急于
be apt to,v. 易于；善于  倾向于；有……倾向的；易于……的
be ashamed of,na. 以为…是耻辱  对…感到羞愧；惭愧；以…为羞耻
be at home in,精通；熟悉；熟悉来源考试大
be attached to,na. 爱上；隶属于  附属于；依恋；爱慕
be aware of,na. 知道  意识到；觉察；了解
be based on,v. 以…为基础  根据；基于；以……为根据
be based upon,基于
be bent on,na. 决心要；专想；尽想  一心想；醉心；热恋于
be bound by,由什么注定；受…约束；由…联系起来
be caught in,"na. 遇(雨)；落入(陷阱,圈套)  陷入；遇上；被困在"
be certain of,v. 确信；深信  肯定；有把握；一定
be characteristic of,na. …所独有的特征  有……的特色；是…的特征；为…所特有
be charged with,"装满, 承担, 被控告  负...责任, 受...指控"
be compelled to,na. 不得不(做)  必然；一定会；被迫
be composed of,na. 由…组成  由…构成；由…组成的；强调由什么成分所构成
be concerned about,na. 关心；挂念  担心；对…关心；关注
be conditioned to,习惯于；习惯了；表示习惯于做某事
be confident of,na. 对(成功)满怀信心  对……有信心；确信；对某物自信
be conscious of,na. 意识到  察觉；知道；觉察
be considerate of,v. 体谅  替…着想；体贴；体谅的
be content to,满足；愿意做；满足於
be content with,na. 以…为满足  对…满意；满足于；对……满足
be convicted of,被判有……罪；宣布有罪；被定罪
be crowded with,na. 被…挤满；满是…  充满；挤满了；拥塞
be curious about,na. 对(某事物)感到好奇  对……感到好奇；对…好奇；对某事好奇
be deficient in,缺乏，欠缺…，在…方面有所不足
be derived from,na. 由…而来  由……得到；由……衍生；源自于
be determined to,v. 决心  下定决心；执意；下决心
be different from,na. 和…不同  和……不同；不同于；与……不同
be disappointed at,对…失望；对……感到失望；后应接指东西的词
be displaced by,
be dressed in,穿着；穿着……衣服；正穿着
be dying to,渴望；渴望，巴不得立即；非常渴望
be eager for,v. 迫切要  渴望；渴求；想得到
be endowed with,v. 具有  被赋予；赋有；天生具有
be engaged in,na. 正做着  从事于；忙于；从事……职业
be enthusiastic about,热衷于；对…热情；对……怀着热情
be entitled to,有权；有资格；有权做
be envious of,v. 嫉妒  羡慕；妒忌；非常羡慕
be equal to,na. 等于；胜任；赶得上；忍耐得住  与……相等；相当；能胜任
be equipped with,na. 安置着；身上穿着  装备有；装有；配备
be equivalent to,na. 等于；相当于  等价于；等效；与…相当
be expected to,被期待做某事; 有望做某事; 期许
be faced with,v. 面临  面对；面临着；遇到
be familiar to,v. 熟悉  为…所熟悉；对……熟悉；为…熟悉
be famous for,v. 因…出名  因…而出名；因……而著名；因……而闻名
be fed up with,na. 吃…吃得过饱；厌倦  厌烦；受够了；讨厌
be filled with,充满；装满；充满着
be fit to,适合
be fond of,v. 爱好  喜欢；喜爱；喜好
be forced to,v. 被迫  被迫做某事；不得不；迫不得已
be free from,v. 免除  免于；不受…的；不受……的影响
be free to,自由去做；随意；可以自由地去
be geared to,使适合；适应……的需要；使适应
be gifted with,生就；有…天赋；禀赋
be grateful to,v. 感谢  感激；对某人心存感激；对…心存感激
be hard on,na. 接近  对……苛刻；对某人苛刻；对……严厉
be ignorant of,na. 不了解  不知道；对…不知道；对…无知
be ill at ease,"不安,不自在"
be impressed with,na. 深感；为…所感动  对……印象深刻；留下深刻印象；留下深刻的印象
be in charge of,负责；主管；管理
be in danger,处于危险之中；处于危险中；处于危险当中
be in demand,na. 有需要  销路好；需求很大；有需要例如
be in good health,na. 健康  身体健康；健康良好；身体好
be in the habit of,习惯于；有…习惯；有……的习惯
be incapable of,v. 无能力  不会；不能；没有能力做
be inclined to,v. 倾向于；想要  有意；有某种倾向；倾向做某事
be independent of,na. 独立于…之外的；与…无关的  与……无关；脱离……而独立；独立于……之外
be indifferent to,na. 对…不关心  不在乎；对…漠不关心；对……感到无所谓
be indispensable to,对…必不可少；至关重要的；对……必不可少的
be inferior to,劣于；不如；低于
be involved in,na. 被包入；被卷入漩涡  参与；涉及；介入
be jealous of,v. 妒忌  嫉妒；妒嫉；忌妒
be keen on,na. 喜爱  渴望；喜欢；热衷于
be liable to,"该受(罚), 应遵守..., 有...的倾向, 易于..."
be likely to,可能；很可能；很有可能
be made from,na. 由…制成的  由……制成；用…制成；由…制造
be made of,na. …制的  由……制成；用…制成；材料制成
be made up of,由…构成；组成；由…组成
be obliged to,na. 感谢；不得已而…  不得不；被迫做；有义务
be occupied with,v. 忙着  忙于；忙于做；忙于某事物
be on good terms with,关系很好；与；与某人关系好
be on bad terms with,
be on the verge of,濒临；快要；在…边缘
be open to,na. 易受；易接受；对…开着门  对……开放；易于接受；向---开放
be particular about,v. 对…讲究  对……讲究；挑剔；讲究的
be passionate about,
be peculiar to,v. 限于  是……所特有的；相关词组；特别的
be persuaded to do,
be poor at,不擅长；在……比较差；不擅长于
be popular with,na. 受…欢迎  受…的欢迎；受…欢迎的；受到……的欢迎
be possessed of,na. 拥有  占有；具有；具有某品质
be preoccupied with,专注于；全神贯注；全神贯注于
be proficient in,v. 精通  熟练…；熟练掌握；技术熟练
be proud of,na. 以…自豪  为…自豪；骄傲；以……为骄傲
be ready for,v. 预备好  为……准备好；为……作好准备；为……做准备
be reluctant to,不愿意；不情愿；不愿做…的
be responsible for,v. 负责；担负  对…负责；为…负责；对……负责任
be rich in,v. 富于  富含；富有；盛产
be satisfied with,v. 满足于  对……感到满意；对……满意；对……表示满意或满足
be saturated with,na. 充分渗透着  充满着；充斥着；饱和的
be sensible of,v. 感觉到N；觉得N  意识到；觉察到；知道
be sensitive to,na. 对…敏感  对…敏感的；对……感到敏感；易感受
be short of,缺少；缺乏；短缺
be skillful at,技术熟练；熟悉；擅长于
be specific to,
be strict with,对……严格要求；对…要求严格；对某人要求严格
be subject to,un. 给；降伏；受…支配；受…影响  受支配；服从；应受
be suffused with,na. 充满
be suitable for,v. 合适  适合于；对……合适；对…适合
be superior to,na. 比…好；超然于  优于；比……优越；胜过
be sure of,na. 确信  对……有把握；确定；深信
be surrounded by,na. 被…环绕着  被……所包围；被……环绕；被...环绕着
be tired of,v. 厌烦；厌倦  对…厌倦；对……厌烦；讨厌
be well off,na. 生活好过  生活富裕；处境良好；小康的
be willing to,na. 乐意进行  愿意；乐于；情愿
be worn out,筋疲力尽；被损坏；穿破
be worried about,担心；为…而担心；为……担心
be worthy of,值得；配得上；对得起
be wrong with,有点毛病；有些不舒服；有毛病
because of,na. 因  因为；由于；由于，因为
before long,na. 不久；不(需很)久  不久以后；很快；不久之后
believe in,v. 相信  信任；信仰；信奉
believe it or not,na. 信不信由你  信不信由你博物馆；七月又十四之信不信由你；七月又十四信不信由你
belong to,v. 属于；附属  归于；归属；属於
beyond description,na. “beyond expression”的变体  难以形容；无法形容；无法描述
beyond words,un. 明理人不用细说；难以形容  无法用语言表达；难以言表；无法用言语表达
bottom out,na. 降到最低点  走出低谷；见底回升；降至最低点
break away from,v. 脱离；离开；断绝与…的关系  摆脱；从…脱离；脱离等
break down,v. 分解；抛锚；分析；划分  损坏；出故障；瓦解
break into,na. 闯进；拦(别人话头)；侵占(别人时间等)；突然…起来  闯入；破门而入；强行进入
break out,na. 起；(战争等)突发；(囚犯等)逃脱；起(锚)  爆发；突然发生；逃出
break the ice,na. 带个头；使气氛活跃；起头；打破沉闷  打破沉默；打破僵局；破冰
bring ... to a standstill,
bring about,na. 造成；带来；(使船)回转  引起；导致；产生
bring out,na. 公布；说出；出版；上演  生产；阐明；说明
bring up,na. 抚养；教导；教育；在…长大  培养；提出；养育
burn down,na. 把…烧成平地；(蜡烛等)逐渐烧完；火力减弱  烧毁；烧光；烧为平地
burst into,na. 闯进；突然…起来  闯入；突然发作；突然闯入
by accident,na. 偶然 (opp. on purpose)  偶然地；意外；不小心
by all means,na. 必定；千方百计；不惜一切；好的  务必；一定；无论如何
by birth,na. 血统；生来  在出生上；论出身；按血统
by chance,na. 偶然  碰巧；偶然地；意外地
by choice,na. 出于自己的选择  出于选择；处于选择；出于自愿
by comparison,na. 比较起来  相比之下；相比较；通过对比
by contrast,un. 相比之下；作对比；与此相反  对比之下；对比而言；相比而言
by far,"na. (修饰比较级,最高级,表示数量,程度等)…得多；尤其；更  到目前为止；非常；最多"
by means of,na. 以  用；依靠；借助于
by nature,na. 生就；从本性上说  生来；天生的；生性
by no means,na. 决不；并没有  一点也不；绝不；无论如何决不
by oneself,na. 单独；独自；独力  自行；独自地；单独地
by the time,na. 到…的时候  到……时候；直到…时候；到…时候为止
by the way,na. 见 way 条  顺便说一句；顺便问一下；顺便说一下
by virtue of,na. 靠  由于；凭借；因
by way of,na. 当做；作出…的样子；经由；以便  通过…方式；取道；经过
call for,na. 呼吁；主张；需要；接(某人)  要求；提倡；号召
call it a day,na. 今天就这样算了  今天到此为止；收工；就此结束
call off,na. 命令停止；丢手；取消(婚约)；点(名)  放弃；叫走，叫开；转移开
call on,na. 号召；指名要(某人)去干(某事)；请求；访问  拜访；呼吁；拜访某人
calm down,na. 平静下来  镇定下来；冷静；冷静下来
can't help doing sth.,
care for,v. 照顾；关心；喜欢  照料；关怀；照管
carry out,na. 实行；开展；完成  执行；实现；贯彻
catch on,na. 流行；受欢迎；理解；懂得  明白；流行起来；变得流行
catch up with,v. 赶上  追上；赶上某人；跟上
change into,na. 变成；改穿  把……变成；变为；转换成
check into,na. 去…上班  登记住进；调查；深入调查
close to,na. 接近于；在附近  靠近；亲近；离…近
come about,na. 发生；(风等)变向；抢风调向  产生；迎风折驶；形成
come across,na. 尽(义务)；发现；碰见；(穿过…)来到  遇见；偶然遇见；碰到
come into being,na. 发生  形成；产生；开始存在
come into effect,na. 开始实施  生效；开始生效；开始实行
come into existence,na. 产生；成立  开始存在；形成；出现
come into view,进入视野；映入眼帘；应入眼帘
come to an end,na. 完结  结束；终止；告终，结束
come to light,na. 显露  真相大白；为人所知；出现
come to the conclusion that,得到的结论是；得到以下结论；得出这样一个结论
come true,na. (预言等)成事实；实现；(作物)不变种地发芽生长  成为现实；成为事实；变成现实
come up with,na. 想出(一个主意或计划)；提出；提供；筹措  赶上；找到；想出某事
concentrate on sth.,
consist of,v. 由…合成  由……组成；由…构成；包括
contrary to,na. 跟…相反  与……相反；违反；和…相反
convince sb. to do sth.,
cope with,v. 对付；应付  处理；应对；解决
correspond with,v. 相当  符合；相符合；一致
count on,na. 指望；预料到；期望  依靠；依赖；期待
crack down on,na. 对…进行制裁  打击；镇压；严打
cut down,na. 砍倒；削减；减价；夺去…活动力  减少；缩短；降低
cut in,na. 突然插入；(汽车)超车；抢去别人的舞伴；在电话里窃听  插嘴；插嘴，打断；超车抢挡
day after day,na. 天天；一天又一天  日复一日；日复一日地；一天一天的
deal with,na. 办理；对待；与…交涉；与…交易  处理；对付；应付
dedicate oneself to,na. 致力于  献身于；专心致力于；赋予自己
depend on,v. 依靠  依赖；取决于；视……而定
deprive of,un. 剥夺  剥夺某人的；使失去；使丧失
devote oneself to,na. 专心从事(研究)；一味贪玩  献身于；致力于；致力于，献身于
die of,na. 因…而死  死于；因……而死；因……病而死
die out,na. 死绝  灭绝；消失；逐渐消失
differ from,na. 和…不一致；和…意见不同  不同于；和……不同；区别于
differ in,v. 不同  在…方面不同；不同在；在……不同
discriminate against,na. 歧视  排斥；不一样对待；某些人歧视
dispose of,na. 安排；解决；办妥；杀掉  处理；除掉；处置
distinguish from,区别；区分；识别，辨别，辨认
distract from,分散；转移；使人分心
do away with,na. 废除；干掉  去掉；除去；消灭
do good to,na. 对…做好事；对…有益  对...有益；对…有益处；对…有好处
do harm to,v. 损害  对…有害；伤害；对……造成伤害
do ... a favour,帮忙；帮个忙；帮助某人
do with,na. 对付；忍耐；与…相处  处理；处置；需要
dozens of,adj. 许多  几十；几十个；很多
draw attention to,un. 促使…注意  对……表示注意；吸引对……的注意；吸引注意力
draw out,na. 抽出；拔出；掏出；提出  拉长；取出；拉出
dream of,v. 梦想  梦见；梦到；向往
dress oneself,穿着，打扮
drop in,(使)落进；(使)往里坍塌： 偶然(或顺便)走访(或访问)(on)；逐渐进入： (有选择地)加入；愿意(或决心)参加： 放下(吊幕)，吊装布景：
drop out,na. 退出；(因不满传统制度而)退出正常社会；落出；隐退  退学；辍学；掉落
due to,un. 由于；预定；因为；亏  应归于；由於；由…引起
each other,pron. 彼此  互相；相互；各自
earn one's living,谋生；营生；挣钱维持生计
eat up,na. 吃完；消耗；沉迷于；很快走完(距离)  吃光；吞灭；吃掉
end in,na. 结果为…  以…为结束；以…告终；以……结束
end up with,na. 以…而告终  以…而结束；以…结束；以……告终
enjoy oneself,na. 过得快乐  玩得愉快；玩得开心；过得愉快
enter into,na. 入；动手；参加；缔结(协约等)  进入；开始；开始从事
equip with,v. 装备  配备；以…装备；用…装备
except for,na. 只有  除了；除…之外；除了……之外
face to face,na. 面对面  面对面地；结构长度；面对面的
fade away,n. 逐渐消失  褪色；消逝；逐渐凋谢
fall in love with,na. 爱上  爱上某人；与……相爱；爱上某物
fall into,na. 开始；分解(成几部分)；陷入(网等)中；变成  落入；分成；陷于
fall off,na. 下降；(从马上)掉下来；扫兴颓丧；离开  跌落；减少；衰退
fall short of,na. “come short”的变体；“fall short”的变体  达不到；缺乏；不符合
far from,na. 远离；决不  远非；完全不；远远不是
fear of,害怕；害怕什麽；对…恐惧
feel at ease,安乐；心里踏实；感到轻松
feel for,摸索着寻找; 同情（某人）; 由于…而产生某种感情; 对（某人）产生某种感情
feel free to,na. 可以随便  尽管；随意；可以随意做某事
feel ill at ease,na. 不安；局促不安  心神不宁；感到拘束；感到不安
figure out,na. 估计；解决；了解；确定  想出；算出；计算出
fill in,na. 填充；填写；同“fill”  填满；填入；过门
fill out,na. 填写(表格等)；变胖；长胖；胖起来  填表；填好；填充
fill up with,v. 装满  用……装满；用…把…装满；充满
find out,na. 查出；发现；看清…的面目；识破  查明；找出；了解
first of all,na. 第一  首先；首要；是首先的意思
for a change,na. 为了改变一下  换换环境；为了换换花样；换换心情
for a rainy day,以备不时之需；未雨绸缪；以防不时之需
for a while,adv. 片刻  暂时；一会儿；一时
for certain,na. 的确  肯定地；确凿地；确切地
for ever,adv. 永远地；永恒地；无休止地；永无止境地 n. 永恒；相当长的时间  永久；长期地；直到永远
for instance,na. 例如  比如；举例说；举例来说
for sure,adv. 确实  肯定地；确切地；毫无疑问
for the first time,na. 第一次  首次；初次；从第一次开始
for the purpose of,na. 为…  为了…目的；为……目的；为了……的目的
for the sake of,adv. 为了…起见  为了…的利益；为了…的目的；为了…的缘故
forget doing,忘记做过某事；忘记做了某事；忘记曾做过某事
forget to do,忘记去做某事；忘记要去做某事；忘记要做某事
from ... point of view,
from now on,na. 从今以后  从现在起；从现在开始；今后
from time to time,na. 时时  有时；不时；不时地
get acquainted with,na. 熟知；与…相识  熟悉；了解；开始知道
get along with,na. (工作)进行  与……相处；相处融洽；与…友好相处
get down to,v. 认真对待  开始；着手；着手做
get in contact with,
get into,na. 进入；穿上；成癖；陷于  陷入；卷入；养成
get lost,int. 滚开；别烦我 v. 迷路；迷失；陷入…而忽略了…  走开；走失；失踪
get married,na. 结婚  有感情的结婚；成婚；完婚
get ready for,v. 作准备  为…做准备；为……准备好；为……作准备
get rid of,na. 除掉；摆脱；撵走  除去；去掉；处理掉
get through with,v. 完成  对…强硬
get to,na. 接触到；开始；收买  到达；表示到达；找到
get used to,na. 变得习惯于  习惯於；适应；习惯一件事情的过程
give away,na. 赠送；分发；放弃；露马脚  泄露；出卖；分送
give birth to,生（孩子），生育; 引起，产生; 娩出; 娩
give in to,v. 交上；同意；接受  屈服于；向…让步；投降
give rise to,na. 惹起  引起；导致；使发生
give sb. a hand,un. 制住；帮着干一点  帮助；帮忙；提供帮助
give up,na. 放弃；断绝；投降；自首  停止；抛弃；认输
give way to,v. 让步；退却  让位于；给…让路；给…让路，对…让步
go bad,"na. (食品,蛋等)坏掉  变坏；腐败；变质"
go bankrupt,na. 破产  倒闭；宣告破产；入不敷出
go by,na. 走过；以…为根据(作判断)；顺道访问；受…所控制  过去；经过；依照
go Dutch,v. 各自付费  各付各的；各自付帐；各付各的钱
go on,na. 往前走；继续…下去 (with； doing)；日子过得  发生；进行；继续下去
go out,na. 出去；灭；辞职；下台  熄灭；外出；过时
go over,na. 仔细查看；仔细搜查；排练；重温  复习；检查；仔细检查
go through,na. 认真检查；仔细地搜；(提案或法案)通过；被批准  经历；经受；仔细检查
go wrong,na. 走错路；失败  出毛病；出错；发生故障
graduate from,v. 毕业于  从…毕业；毕业於；从…毕业例句
hand in,na. 交进  上交；交上；递交
hand in hand,na. 手拉手；联合  手牵手；携手；牵阮的手
hang up,v. 挂断电话；挂机；悬挂；耽搁  挂起；把…挂起来；挂电话
have ... in mind,na. 记住；铭记不忘；注意  考虑到；想到；记得
have a good command of,na. 能自由应用(英语)  精通；掌握；对掌握熟练
have a monopoly over,
have a weakness for,偏爱；酷爱；很喜爱
have an effect on,na. 对…有影响  对……产生影响；对……产生作用；对……有效果
have an eye for,v. 对…有鉴赏力  有眼光；有眼力；对……有独到的眼光
have an impact on,对…有影响；对…起作用，产生效果；对于…有影响
have an influence on,影响；对…有影响；影响例句
have confidence in,"信任,信赖 in confidence 秘密地,私下,暗中"
have difficulty in,在……方面有困难；在某方面有困难；在……有困难
have every reason to,
have faith in,na. 相信  信任；对……有信心；信仰
have little to do with,v. 与…几乎无关  与……关系不大；与……几乎没有关系；没太有关系
have no choice but to,na. 除…外别无他法  别无选择；不得不；只好
have no idea,un. 心中有数；对…一无所知；感到茫无头绪；不想  不知道；不清楚；一点不知道
have nothing to do with,na. 办完；和…断绝关系；已和…无关  与……无关；和……毫无关系；与……毫无关系
have the authority to do,
have the right to do,
head for,na. 走向  前往；向…方向前进；朝…方向走去
hear from,na. 得到…的消息  收到……的来信；收到……来信；收到…的信
hear of,na. 听说；获悉；收到…的消息；知道  听到；听说过；得悉
help oneself to,na. 自由取食；任意占用  请随便吃点；随便用；自便
help ... with ...,
hit on,na. 忽然想到；偶然发现；无意中发现；搭讪  想出；献殷勤；偶然想起
hold on,na. 拉住；继续；坚持下去；(打电话时)不挂断  等一等；坚持住；等一下
hold one's breath,na. 屏息  屏住呼吸；憋住气；屏住气
hold onto,na. 盘据  紧紧抓住；坚持；保住
hold up,v. 举起；支撑；耽误；抢劫 n. 抢劫；延误；堵车  阻挡；耽搁；拿起
impose a burden on,
in a hurry,na. 匆忙；容易地；急于要；愿意地  匆忙地；立即；匆匆忙忙
in a minute,na. 马上  一会儿；立刻；一分钟后
in a panic,adv. 仓皇失措  惊慌地；处于惊恐；惊恐地
in a second,na. 立刻  马上；过一秒钟；立即
in a sense,na. 在某种意义上；有一点儿  从某种意义上说；就某种意义来说；就某种意义而言
in a word,na. “in a few words”的变体  总之；简言之；总而言之
in accordance with,na. 照；与…一致  按照；根据；依照
in addition to,na. 加之  除…之外；除了；除…外
in advance,na. 预先；在先头  事先；提前；事前
in brief,na. 简单地说  简言之；简而言之；总之
in case of,na. 要是  万一；假使；如果
in common,un. 和…有相通之处；公有  共同；共有的；共同的
in comparison with,na. 和…比起来  比较；与…比较；与…比较起来
in consequence,na. 因此  结果；因而；在…条件下
in contrast,adv. 相反  相比之下；对比；成对比
in detail,na. 详细  详细地；详细的；详尽
in earnest,na. 诚挚  认真地；认真的；诚挚地
in effect,na. 实际上；总之；有效  事实上；生效；正在实行
in exchange for,na. 换  交换；用……交换；作为交换
in fact,na. 事实上；总之  实际上；其实；实则
in fashion,na. 时新的  流行；时兴；正流行
in favour of,na. 赞成；有利于；付与  支持；赞同；以……为受益人
in full,na. 详细地(填写姓名等)；全部地  充足；全额；全文
in general,na. 一般；大体上  通常；一般来说；一般而言
in good condition,na. 情况良好；健康；(物件)无破损；(食品)新鲜  状态良好；状况良好；完好无损
in harmony with,un. 协调一致地；跟…调和；和衷共济；与…相合  与…协调；与……协调一致；和谐
in haste,na. 急着；急忙地；仓促地  匆忙；匆忙地；急速地
in honour of,na. 向…表示敬意  为纪念；为了纪念；向……表示敬意
in line with,na. 和…成一直线；和…一致  符合；按照；跟…一致
in need,在危难中；需要帮助的；在困难时
in no time,na. 立刻  马上；很快；立即
in obedience to,na. 遵从  遵照；服从；介短遵照
in order,na. 整整齐齐；合规则；情况正常；健康  按顺序；秩序井然；按次序
in other words,na. 换句话说  换言之；也就是说；也就是
in part,na. 一部份地；有几成；在某种程度上  部分地；一部分；有些部分
in particular,na. 特别；一一  尤其；特别地；特别是
in person,na. 亲自；身体上；外貌上  本人；当面；亲自上阵
in practice,na. 事实上；在实践中；在不断练习中；练习充足  实际上；在实际中；从实践上看
in progress,na. 在进行中；还没有完的  正在进行；正在进展中；进展如何
in proportion to,na. 与…成比例；与…相称；按…的比例(越…越…)  成比例的；按……的比例；按比例
in prospect,na. 在望；可以预料到  可期待；有希望；展望
in public,na. 公然  当众；公开地；在公共场合
in regard to,na. “in regard of”的变体  关于；至于；对于
in return for,na. 作…的报酬  作为…的报答；作为对…的回报；作为…的交换
in search of,na. 寻找；去找；追求；为了寻求  为了寻找；搜索；查究
in season,na. (水果等)正旺；当令；应时；时机正好的  应时的；旺季；应季
in short,na. 简单地说；总之  简言之；简而言之；总而言之
in spite of,na. spite of 不管；无视  尽管；不顾；虽然
in succession,adv. 接着，接连地; 连着; 相继不绝; 纷纷
in terms of,na. 依…；从…方面；用…特有的字眼  根据；在...方面；按照
in the dark,na. 秘密；在暗处；不知  在黑暗中；蒙在鼓里；一无所知
in the end,na. 终于  最后；最终；结果到头来
in the face of,na. 不避；不管；在…前面；面临  面对；在...面前；不顾
in the first place,na. 首先；第一  起初；原先；第一点
in the future,adv. 今后  将来；在将来；在未来
in the light of,na. 按照；以…的模样；当作…  根据；鉴于；依据
in the long run,na. 归根到底；“in the long run/term”的变体  从长远来看；最后；从长远观点看
in the meantime,na. 在这期间  与此同时；在此期间；其间
in the name of,na. 凭…的名；为…的缘故；作…的代表  以…的名义；以……名义；以…为借口
in the process of,na. 在…的过程中  在……的过程中；在…过程中；在进程中
in the way,na. 在路上；妨碍  挡道；挡路；妨碍人的
in the world,na. 在世界上；究竟  到底；全世界；长城是世界一大奇迹
in turn,na. 挨次  依次；轮流；反过来
in vain,na. 无益地；轻慢地  徒劳；徒然；白白地
in view of,na. 鉴于；为要；在…能看见的地方；估计到才  考虑到；由于；为了
indulge in,v. 沉迷于  沉溺于；沉湎于；尽情享受
inform about,将…告知（某人）
inform of,v. 通知关于  告诉；将…告知；报告
insist on,v. 坚持；强调  坚决要求；坚持要；坚持认为
instead of,prep. 代替；作为…的替换  而不是；替代；取代
intend to do sth.,
just around the corner,就在附近；近在眼前；临近
just in case,na. 以防万一；作为准备  只是以防万一；以防万一嘛；预防万一
keep ... to oneself,un. 强调；紧贴；秘而不宣；独自承受  保守秘密；不与人来往；不与他人交往
keep an eye on,v. 密切注意  照看；留意；密切注视
keep away from,v. 远离  避开；使远离；别靠近
keep company with,na. 和…常来往；同…结伴  和…交往；与…交往；与……陪伴
keep early hours,na. 早睡早起；早出早归  早起早睡；经常早归或早睡；习惯早睡早起
keep in mind,na. 记在心里；记住；注意  牢记；紧记；牢记在心
keep in touch with,v. 与…保持接触  与……保持联系；和…保持联系；与…保持联络
keep on,na. 继续；穿着不脱  继续不断；穿着...不脱；持续
keep one's word,na. 守约；履行诺言；说话算话  守信用；遵守诺言；信守诺言
keep to,v. 坚持；固守  保持；遵守；遵循
keep track of,na. 追踪；记录；保持联系；密切注意…的动向  与…保持联系；跟踪；保持对……的联系
keep up with,na. 不落后  跟上；赶上；紧跟
kill time,v. 消磨时间  打发时间；浪费时间；消磨时光
lack of,v. 缺乏  缺少；不足；不够
lay aside,na. 保存；放在一边；丢弃；留着  储蓄；搁置；把…放在一边
lay off,na. 辞退；停止；暂停  解雇；下岗；裁员
learn ... by heart,na. 记住；熟记  背诵；牢记；背熟
leave behind,na. 遗留；留下；追过；留在后头  超过；落后；丢弃
let alone,na. 任随；更不用说；放任；莫说…(连)  更别提；更不必说；不管
let down,na. 使失望；放下；丢面子  失望沮丧；辜负；松劲
lie in,na. 存在于；(分娩后)坐月子  位于；睡懒觉；躺在
live on,na. 以…为主食；靠…生活；继续活着；靠［吃］…生活  以……为主食；靠……为生；以…为食
long for,v. 渴望  盼望；思慕；思念
look after,na. 照看；照顾；看管；对…负责  照料；照管；目送
look back on,v. 回顾  回忆；回顾过去；回首
look down upon,v. 轻视  看不起；瞧不起；蔑视
look for,v. 寻找；探索；渴望；盼望  期待；找寻；查找
look forward to,na. 盼望  期待；期望；期盼
look into,na. 窥视；调查；过问  研究；检查；了解
look over,na. 浏览；检查；察看  查看；翻阅；调查
look up,v. 查找；查阅；探望；看望  向上看；抬头看；仰望
lose face,丢脸，失去自尊与别人的信任，失去尊严/影响力/名望; 坍台; 现眼; 面上无光
lose one's way,na. 迷路  迷失方向；迷途；谁迷路
lose sight of,na. 看不见了…；忘了…；失踪了  忽略；忘记；不再看见
major in,v. 主修  专修；专攻；以……为专业
make a choice,un. 不得不；除…外；没有别的选择；拿定主意  做出选择；做选择；作出选择
make a contribution to,na. 捐赠；贡献给  为……做贡献；为……做出贡献；作出贡献
make a difference,na. 发生差别；使…有差别；(结果等)是重要的  有关系；有影响；很重要
make a face,un. 正视；做鬼脸  作鬼脸；扮鬼脸；做鬼脸或怪相
make a fool of oneself,na. 丢丑；闹笑话  出洋相；出丑；做傻事
make a noise,（为某事而）吵吵嚷嚷，成为众人谈论或注意的对象，轰动一时; 闹
make a point of,na. 主张；重视；必定  强调；努力；决心
make allowance for,na. 体谅；留有余地；斟酌；扣除  考虑到；原谅；考虑到某事物
make an appointment,n. 预约  约会；预约挂号；约时间
make an effort,na. 努力作出  作出努力；做出努力；尽一番努力
make both ends meet,na. 使收支相抵；量入为出  收支平衡；使收支平衡；使收支相偿
make friends with,na. 跟…做朋友  与……交朋友；和……交朋友；与……交友
make fun of,na. 嘲弄  取笑；嘲笑；开玩笑
make money,na. 赚钱；发财  挣钱；生财；网路赚钱
make no difference,un. 在意；没关系；没有差别；无动于衷  没有影响；没有区别；没影响
make one's living,"谋生, 挣钱度日, 维持生活"
make oneself at home,un. 使…团结起来；随便(坐坐)  别拘束；不要拘束；别客气
make oneself heard,na. 把意见等说给人听  使自己被别人听到；使别人听得见自己的声音；使某人自己被听到
make oneself understood,na. 使自己的意思为人了解；使人了解自己的意思；使了解自己意思  让别人理解自己；使自己被别人理解；表达自己的意图
make out,na. 理解；发现；起草；证明  辨认出；填写；开列
make progress,na. 前进；进展  取得进步；取得进展；有进步
make sense,na. (话等)有意义；合理；有道理；讲得通  言之有理；使…有意义；好理解
make sure,na. 尽力做到；深信；务必；务请  确保；查明；确信
make the most of,na. 充分使用；尽量使好看；极为重视；尽量称赞  充分利用；尽量利用；充分展示
make up,na. 弥补；起草；定；签订  组成；化妆；编造
make up for,v. 偿还；赔偿  弥补；补偿；补偿，弥补
make up one's mind,na. 决心 (to do)  下决心；下定决心；决定
make use of,na. 使用  利用；利用某事物；利用好时间
make way for,v. 让路  给……让路；让路给；让路于
meet the demands,满足要求；满足需求；存在的意义
mistake ... for ...,
more or less,na. 有几分；约；或多或少；一点也…  差不多；有点儿；溢短装
move to,na. 搬到  移动到；移到；搬到某地
no less than,prep. 多达  不少于；不亚于；不下
no longer,na. 不再  已不；再也；再也不
no more than,na. 不过是；仅仅  至多；只是；只不过
none of one's business,
nothing but,na. 不外；的确  只有；只不过；只是
now and then,偶尔；时而；不时
object to,na. 反对  反对某事；不赞成；我反对
of great interest,
of great use,具有很大用途；很有用；这本书将对你有很大的益处
of one's own,na. 自己的  属于某人自己的；属于自己的；某人的自己的
on a large scale,na. 大规模地  大规模的；大批量；大量
on account of,na. 因为  由于；为了；基于
on an average,na. 平均；一般说来  平均起来；平均而言；按平均
on and off,na. 断断续续；偶尔；(航海)时而靠岸时而离岸地；不规则地  断断续续地；开和关；断断续续的
on behalf of,na. 替；为…的利益  代表；代表某人；以…名义
on board,na. 在船上；在车上；出垒  到船上；上船；已装船
on business,na. 因公  因事；出差办事；有事
on condition that,na. 在…的条件下  在…条件下；条件是；如果
on duty,na. 在工作时间内；上班；值班  值日；当班；在值班
on foot,na. 步行；在进行中；徒步  走路；步行时；走路去
on no account,na. … on any account 决不  无论如何；不论什么原因也不；绝对不
on occasions,不时地；有必要时；在…场合
on one's own,na. 独自地；独立地；凭自己力量；主动地  单独；靠自己；靠自己的力量
on one's way to,
on purpose,na. 故意；意欲  故意地；有意；故意的
on second thought,adv. 经过重新考虑  转念一想；进一步考虑后；再三考虑
on the contrary,na. 反之  正相反；相反地；相反的
on the other hand,na. 从另一方面来说；在另一方面  一方面…另一方面；但是；表示而另一方面
on the spot,na. 当场；立刻；用现货；(人)准备妥当  在现场；在场；马上
on the whole,na. 整体上说  总的来说；大体上；基本上
on time,na. 按时；及时  准时；正点；准时地
once and for all,ph. 一劳永逸地  最后一次；彻底地；只此一次
one after another,na. 一个又一个地；陆续；相继  一个接一个；一个接一个地；先后
or else,na. 不然  否则；要不然；否则，要不然
out of bounds,na. 越界；禁止…入内  界外；出界；界外球
out of control,na. 失去控制  失控；不受控制；过界
out of date,adj. 过时的；缺乏新信息的；陈腐的；失效的  过期；过期的；过时了
out of fear,na. 吓得  由于恐惧；出于恐惧；走出恐惧
out of reach,adj. 够不着的；无法连络的；超出范围的  深入虎穴；够不到；回天乏术
out of season,na. 过时的；失去时机；过了旺季；在禁猎期  过季的；不合时令的；不当令
out of sight,adv. 无影无踪  看不见；战略高手；在视野之外
out of the question,adv. 不可能  不可能的；毫无可能的；绝不可能
out of work,na. 失业；(机器等)有毛病  失业了；失业的；没有工作
over and over again,na. 翻来覆去  反复；一次又一次；反复地
owe ... to ...,
owing to,conj. 由于；因为 prep. 因为；由于  归因于；由于…的原因；多亏
part from,na. 和…分手；放掉  告别；离开；分离
part with,na. 跟…分别；解雇；卖掉(东西)  放弃；割舍；辞退
participate in,v. 参加；分享  参与；参加某事；参加例句
pass away,na. 消失；Vi. 经过；去；终止  去世；逝世；过世
pass by,na. 经过；不过问；打…旁边过去；通用(…这个名字)  路过；走过；忽略
pass on ... to ...,
pay a visit to,v. 访问；参观  拜访；去参观；前往访问
pay attention to,na. 注意  重视；对……注意；关心
pay for,na. 付开销；赔偿(损失)；(为某种过失)付出代价；吃亏  付款；付钱；支付
persist in,v. 坚持  固执；坚持不懈；坚持不懈，执意
persuade ... into,
persuade ... out of,
pick up,v. 拾起；探出；重新开始  捡起；拿起；学会
place emphasis on,na. 着重在；加强(语气)  强调；重视；以…为重心
play a joke on,v. 取笑  捉弄；开……的玩笑；开某人的玩笑
play a role,扮演角色；起作用；发挥作用
play an important role,起重要作用；起到重要作用；扮演重要的角色
play an important part in,在…方面起重要作用；在……中起重要作用；在……起重要作用
plenty of,na. 很多的  许多；大量的；充足的
point of view,n. 观点；态度；意见；看法  视角；视点；角度
point out,na. 指出  指明；说明；指示
pose a threat to,对…有一种威胁；对……构成威胁；对……造成威胁
prefer ... to ...,
prepare for,准备；为…作准备；为…做准备
prevent ... from doing,
prohibit ... from doing,禁止某人做某事；禁止做
prove to be,v. 证实  证明为；证明是；经证明是
provide ... with ...,
pull up,v. 拔起；使…停下  停车；上拉；阻止
push forward,奋力向前，推进; 迫使注意…; 提出…; 极力表现
put an end to,na. 结束  终止；废除；停止
put aside,na. “set aside”的变体  储蓄；撇开；放在一边
put away,v. 把…收起来；储存  放好；把……收起来；收好
put forth,na.  a feeler (用言语或动作)探听别人的反应  提出；发表；努
put in prison,关进监狱；把……投入监狱；关押
put into effect,na. 实行  生效；实施；使生效
put into practice,na. 实行  实施；付诸实施；落实
put off,na. 延期；辩解  推迟；拖延；推延
put on,na. 假话  穿上；上演；戴上
put pressure on,v. 对…施加压力  给……施压；给……施加压力；增添压力
quite a few,na. 很多；许多；相当多  不少；还不少；有相当数目的
rather than,na. 而不  而不是；宁愿；与其
reach for,v. 伸手去取；伸手拉起  伸手去拿；伸手拿东西；伸手去抓
react to,v. 对…有反应  对…作出反应；对……反应；对……做出反应
recover from,v. 恢复  痊愈；从……中恢复；从…恢复
refer to,v. 查阅；提到  参考；涉及；谈到
reflect on,v. 考虑；回想  反省；思考；仔细考虑
rely on,v. 依靠；信赖  依赖；依仗；凭借
remember to do,记得去做某事；记得要去做某事；记住去做某事
remind of,v. 提醒  使记起；想起；使想起
resort to,na. 使用(武力)  诉诸于；求助于；采取
respond to,v. 响应  对…反应；回答；对…作出反应
rest on,na. 被支持在…上；(目光等)停留在…上  依靠；依赖；被搁在
restrain ... from doing,
result from,v. 由于  由...产生；起因于；由…引起
result in,na. 终于(失败)  导致；结果是；造成
right away,na. 立刻  马上；立即；立即，马上
ring up,v. 在收款机上结算；一段时间内收入或损失的钱；打电话给  用收银机记录；给……打电话；把记入现金收入记录机
rob ... of ...,
run a risk,v. 冒险  担风险；冒一次险；是固定搭配
run across,na. “Come across”的变体  偶然碰见；穿过；不期而遇
run for,na. 去叫(…)；做…的候选人  竞选；让…竞选；竞选职位
run into,na. 冲进；(河)注入(海)；撞上；到达  偶遇；跑进；陷入
run out of,na. 用光…  用完；用尽；耗尽
run over,v. 轧过；碾过；演练；排练  辗过；溢出；浏览
scold ... for ...,
search for,na. 寻找；寻求；探求  搜寻；搜索；搜查
see sb. off,na. 送行；送别；告别；赶走  给…送行；为…送行；给某人送行
see to it that,保证；务必；务必要
see to sth.,
seek for,na. 求；寻求；探究  寻找；追求；企求
sell out,na. 卖完；脱销；背叛；欺骗  售完；卖光；出卖
send for,na. 派人去叫；遣人去拿；乞求  派人去请；派人去请，召唤；派人去拿
separate ... from ...,
set a good example,树立榜样；树立好榜样；树立好的榜样
set about,na. 动手；开始；下手；着手  散布；着手做某事；开始做
set forth,na. 公开；发行；公布；陈述  阐明；提出；出发
set free,na. 释放；使游离  放走；被释放；赦免
set off,na. 分；分割；划开；区划  出发；动身；引起
set up,na. 建立；创立；发起；开办  设立；设置；成立
settle down,na. 定居；成家；移居；平静下来  安下心来；安定下来；安顿下来
shake hands,na. 握手  握手言和；握握手；拉手
share with,un. 合伙；合住；承担；跟…看法一致  分享；与…分享；共用
show around,v. 带…参观  带……参观；四处参观；领…参观
show off,na. 卖弄；自以为是；趾高气扬；炫耀  出风头；摆谱儿；使显眼
show up,na. 显眼；揭发；嘲笑；露面  出现；出席；揭露
single out,v. 挑选出；精选出  挑出；是选出，挑出的意思；脱颖而出
slack off,na. 松劲；偷工  松懈；懈怠；偷懒
so far,na. 就是那么些；到现在为止；到目前(此地)为止；就此范围来说  到目前为止；迄今为止；至今
sooner or later,na. 迟早；早晚  迟早会的；或迟或早；迟早有一天
speak ill of,na. 诽谤；说…的坏话  说坏话；诋毁；说别人的坏话
speak out,na. 大声讲；老老实实讲  畅所欲言；大胆地说；大胆讲出
specialise in,专门从事，专门研究；专门经营
spend ... in doing,
spend ... on sth.,
stand by,na. 袖手旁观；站在旁边；待机；等待  支持；待命；站在一边
stand for,na. 忍耐；忍受；主张；拥护  代表；象征；代替
stand in the way of,na. 妨碍；阻住…的路  阻住...的路；阻挠；影响
stand on one's own feet,un. 坚持…看法；独立  自立；独立自主；自力更生
stand out,na. 突出；显著；不参加战争；抵抗到底  显眼；引人注目；站出来
stand up for,na. 拥护  支持；维护；坚持
stare at,na. 瞪着看  凝视；盯着；盯着看
starve to death,饿死；快要饿死了；每年世界上会有许多人饿死
stay away from,un. 退避三舍；回避；不要到…去；停止和…交往  远离；与……保持距离；离…远点
stay up late,un. 整晚不睡；守着；迟睡  熬夜；熬夜到很晚；熬夜到很迟
stem from,v. 出于；基于  起源于；来自；源自
step by step,na. 一步一步；切切实实  逐步地；循序渐进；一步一步地
stick to,na. 忠于  坚持；粘住；遵守
stop doing sth.,
stop to do sth.,
struggle for,v. 争取  为…而斗争；为…奋斗；为……斗争
substitute for sth.,
succeed in,v. 成功于  在…成功；成功地做；取得成功
succeed to,v. 继承  继承某物；继承头衔
such as,un. 例如；像；象…这样；诸如…之类  比如；像这种的；像……那样的
suffer from,患（某种病），受（某种病痛）折磨; 因…而受罚; 闹; 罹
supply with,v. 供给  以……供给；把…提供；把……提供给
suspect of,怀疑；对……猜疑；猪八戒怀疑
sympathise with,
take ... by surprise,v. 突然惊吓  吃惊；袭取；突袭
take ... by the hand,握；拉某人的手
take ... for example,
take ... for granted,v. 想当然  认为…理所当然；视为当然；认为…是理所当然
take ... into consideration,v. 顾及  考虑到；把……考虑进去；予以考虑
take a chance,na. 冒险一试  碰运气；碰碰运气；给自己一次机会碰碰运气吧
take a look at,na. (仔细)看一看  看一下；看一眼；看看
take a risk,na. 冒险；承保…的险；承受保险  承担风险；先人一步冒险；冒风险
take a spin,兜风；抽一次奖
take a trip,na. 旅行  去旅行；旅游；作旅行
take advantage of,na. 乘；利用；欺骗；引诱(女人)  占便宜；充分利用；对……加以利用
take after,na. 尾随；仿效；像  象；长得像；与相像
take away,adj. 买回去的  拿走；带走；外带
take care of,na. 照看；处理；清除  照顾；照料；爱护
take charge of,na. 看守  负责；担任；主管
take courage,na. 鼓起勇气  拿出勇气；奋勇；需要勇气
take hold of,na. “Catch hold of”的变体  抓住；掌握；握住
take in,na. 加以考虑；访问；收进；收容  欺骗；吸收；接受
take it easy,na. “take things easy”的变体  别紧张；别着急；放轻松
take it seriously,认真对待；当真；希望你严肃对待
take leave of,v. 决别  告别；不辞劳苦；别离
take measures to,采取措施；采取措施来；采取措施减少污染
take note of,na. 注意(到)  注意到；留意；作记录
take notice of,v. 注意；理会；留心  注意到；在意；睬
take off,v. (飞机)起飞；出去；拿掉；移送  脱下；脱掉；脱去
take offense,见怪；生气；介意
take on,na. 担任(工作等)；较量；装(某种样子)；呈现(形势)  承担；雇用；雇佣
take one's time,na. 从容  慢慢来；从容不迫；不急
take over,na. 接管；继承  接收；接任；接替
take pains,na. 费苦心；尽力  煞费苦心；下苦功；操心
take part in,na. 参加；贡献  参与；参加活动；参与…活动
take place,na. 发生；举行  产生；多指通过人为安排的发生；进行
take steps,na. 采取措施  采取步骤；设法；采取行动
take the initiative in,vt. 采取主动
take the lead,v. 率先  独领风潮；带头；领先
take the place of,na. 接替某人的位置  代替；取代；替代
take the trouble to,na. 不怕麻烦去…  不辞劳苦；费力；不怕麻烦去做
take to,na. 嗜好；开始；参加；逃入  喜欢；从事；喜爱
take turns,na. 替换  轮流；轮流换班；轮流做某事
take up,na. 拿起；举起；拾起；给搭(火车等)  占据；从事；开始
talk over,na. 商谈；说服  商量；讨论；彻底地考虑
talk ... into doing ...,
tell from,un. 辨别；区分开:  区别；分辨；认出
tend to,v. 倾向于；有助于  趋向；趋于；往往
than ever before,比以往任何时候更；比以前任何时候都比较；比以往任何时候都
thanks to,v. 感谢；幸亏；多亏  由于；多亏了；归功于
that is to say,na. “that is”的变体  也就是说；那就是说；换句话说
think highly of,na. 尊重；评价极高  看重；器重；高度评价
think little of,na. 轻视；满不在乎；不重视  看不起；认为不好；不喜欢
think over,v. 仔细考虑  仔细思考；仔细考虑一下；再三考虑
think twice,na. 重新考虑；踌躇；“think twice/again”的变体  三思；再三考虑；仔细考虑
think up,na. 想出；发明  想起；设计出；是想出，编造
throw oneself into,na. 开始热心做(某事)  投入；投身于；积极从事
time after time,na. 常常；反复  一次又一次；一再；两世奇人
to be frank with you,na. 坦白对你说  坦白地说；老实对你说吧；老实说
to some extent,na. 在某种程度上  在一定程度上；从某种程度上讲；从某种程度来讲
try on,na. 试穿；搞恶作剧(以试探能否被容忍)；耍花招  试试看；试穿衣物；试衣服
try one's best,na. 尽全力  尽力；努力；竭尽全力
turn a deaf ear to,na. 充耳不闻；装听不见  对…充耳不闻；不听；不理睬
turn away,v. 转变方向  转过脸去；避开；走开
turn back,na. 同“turn down ”  折回；往回走；翻回到
turn down,na. 翻下(衣领等)；扭小(灯火等)拒绝考虑；拒绝(某人)  关小；调低；驳回
turn into,v. 变成  成为；把……变成；变为
turn off,v. 关掉  关上；关闭；解雇
turn out,v. （以某种方式）发生；最后是；结果是 （尤指天气突然）变得（晴好） 原来是；结果发现 出席;参加;前去观看关掉，熄灭（电灯、煤气等） 出席;参加;前去观看生产；制造 （尤指把某人从其长期居住处）撵走，赶出，逐出 翻出；倒出 出席；参加；前去观看
turn to ... for ...,
turn up,v. 朝上翻；出现  开大；找到；露面
under no circumstances,na. 无论如何不  决不；在任何情况下都不；无论在什么情况下都不要
under the control of,na. 受管制  受…的控制；在…控制下；受控制
under way,na. 进行着；航行中  在进行中；正在进行之中；正在进行中
up to,na. 干(着)；到；胜任；…的责任  直到；多达；取决于
wait for,na. 等；等待  等候；动作上的等待；等待某人
wait on,v. 等着  服侍；侍候；伺候
wake up,na. 同“wake”；叫醒；醒来；振作起来  唤醒；起床；醒醒
warn ... of ...,
watch out,na. 当心；留神；小心；提防  注意；密切注视；监视
wear out,na. 精疲力尽；用坏；穿破；磨破  磨损；穿坏；穿旧
well off,adj. 富有的；富裕的；境况良好  井停歇；小康；手头宽裕的
what is more,na. 加之  而且；更重要的是；更有甚者
wipe out,na. 擦去；遮蔽；遮蔽地域；封闭  消灭；彻底摧毁；消灭，毁灭
with ease,na. 轻易地；容易  容易地；轻而易举地；不费力
with regard to,na. 关于；对于；为了答复；“in/with regard to”的变体  至于；就…而言；至于，就
within reach,un. 在…的手边；近在咫尺；附近；力所能及  够得着；伸手可及；伸手可及的
without fail,na. 必定  务必；一定；无一例外
without limit,na. 无限制地  无限地；没有限制；无限度地
word by word,adv. 逐字  逐字逐句地；逐字地；一个字一个字
work on,"na. 对…有效；动(人,感情等)；向…做工作；左右  从事；致力于；继续工作"
work one's way,na. 一面做事一面旅行；勤苦读完(大学)；设法通过  努力达到目标；设法抵达；费力前进
work out,v. 作出；拟定；制定；计划一下  算出；解决；制定出
would rather,na. 宁愿  宁可；宁可…也不；宁肯
write down,na. 记下来；贬低；减低账面价值；把…拨作公积金  写下；写下来；减记
write to,v. 写信给；开  给……写信；给某人写信；写信给某人
yield to,v. 服从；屈服于；弯曲  对…屈服；顺从；让步
fauna,n. 动物群； 动物区系
primate,n. 大主教；灵长类的动物；首领 adj. 灵长目动物的；首要的
cetacean,n. 鲸鱼；鲸类动物 adj. 鲸类的；鲸鱼的
crustacean,n. 甲壳纲动物 adj. 甲壳纲的
rodent,n.  啮齿动物 adj. 啮齿类的；咬的，嚼的；侵蚀性的
carnivore,n.  食肉动物；食虫植物
omnivorous,adj. 杂食的；什么都读的；无所不吃的
diurnal,n. 日记账；日报，日刊 adj. 白天的；每日的，一日间的
eusocial,adj. （昆虫）完全社会性的，完全群居的
gregarious,adj. 社交的；群居的
microbe,n. 细菌，微生物
fungus,n. 真菌，霉菌；菌类
ferment,vt. 使发酵；酝酿；使动乱 vi. 发酵；动乱 n. 发酵；酵素；动乱
larva,n.  幼体， 幼虫
aphid,n.  蚜虫
termite,n.  白蚁
pup,n. 小狗；幼畜 vt. 生（小狗等小动物） vi. 生小狗
calf,n.  腓肠，小腿；小牛；小牛皮；(鲸等大哺乳动物的)幼崽
cub,n. 幼兽；不懂规矩的年轻人 vi. 生育幼兽
aviculture,n. 养鸟，鸟类饲养; 养禽业
metamorphosis,n. 变形；变质
mutualism,n.  共栖，互利共生；互助论
chemical resistance,un. 耐化学性能；抗药性；耐化学品性；耐化学腐蚀性  抗化学品能力；抗化学性；抗化性
proliferate,vi. 增殖；扩散；激增 vt. 使激增
mating,n. （动物等的）交配，交尾；配套；（植物等的）杂交 v. 交配；使配对；使紧密配合（mate的现在分词）
courtship,n. 求爱；求婚；求爱期
forage,n. 饲料；草料；搜索 vi. 搜寻粮草；搜寻
fin,n. 鳍；鱼翅；鳍状物 vt. 切除鳍；装上翅 vi. 猛挥鳍；潜泳
beak,n.  鸟嘴；鹰钩鼻子；地方执法官；男教师
fossil fuel,n. 化石燃料（如煤或石油）  矿物燃料；石化燃料；化石能源
taxonomy,n. 分类学；分类法
pitfall,n. 陷阱，圈套；缺陷；诱惑
stranded,v. 搁浅（strand的过去式和过去分词） adj. 搁浅的；陷于困境的；有…股的（常用来构成复合词）
exterminate,vt. 消灭；根除
flora,n. 植物区系；植物群
horticulture,n. 园艺，园艺学
forestry,n. 林业；森林地；林学
rainforest,n. （热带）雨林
hemp,n. 大麻；麻类植物；大麻烟卷 adj. 大麻类植物的
host plant,na. 宿主  寄主植物；寄植物；宿主植物
coconut,n. 椰子；椰子肉
arbour,n. 凉亭；藤架
evergreen,n. 常绿树；常绿植物 adj.  常绿的；永葆青春的
deciduous,adj. 落叶性的，脱落性的；非永久性的
conifer,n. 针叶树； 松柏科植物
deformed,adj. 畸形的；丑陋的；残废的 v. 使...残缺，使...变形（deform的过去式和过去分词形式）
verdant,adj. 青翠的；翠绿的；没有经验的；不老练的
spore,n. 孢子 vi. 长孢子
pollen,n.  花粉 vt. 传授花粉给
pollination,n.  授粉（作用）
humus,n. 腐殖质；腐植土
enzyme,n.  酶
algae,n.  藻类； 海藻
chlorophyll,n.  叶绿素
respire,vt. 呼吸 vi. 呼吸
grazing,n. 放牧；牧草 v. 擦过；抓伤（graze的现在分词）
oxidation,n.  氧化
methane,n.  甲烷； 沼气
meteorology,n. 气象状态，气象学
flooding,n. 泛滥；产后出血
El Nino,（西） 厄尔尼诺现象（赤道中、东太平洋海水表面温度偶尔增暖的现象）
tornado,n.  龙卷风；旋风；暴风；大雷雨
monsoon,n. 季风；（印度等地的）雨季；季候风
blizzard,n. 暴风雪，大风雪；大打击 vi. 下暴风雪
cyclone,n. 旋风； 气旋；飓风
arid,adj. 干旱的；不毛的， 荒芜的
thaw,n. 解冻；融雪 vt. 使融解；使变得不拘束 vi. 融解；变暖和
chilly,adj. 寒冷的；怕冷的
hydrosphere,n.  水界， 水圈；水气
stratosphere,n. 同温层；最上层；最高阶段
seismic,adj. 地震的；因地震而引起的
eruption,n. 爆发，喷发；火山灰；出疹
oasis,n. 绿洲；舒适的地方；令人宽慰的事物
hinterland,n. 内地；穷乡僻壤；靠港口供应的内地贸易区
archipelago,n. 群岛，列岛；多岛的海区
bayou,n. 河口；海湾；支流
wildness,n. 野蛮；原始；荒凉
estuary,n. 河口；江口
chasm,n. 峡谷；裂口；分歧；深坑
crevasse,n. 裂缝；破口，崩溃处
serpentine,n.  蛇纹石 vt. 使迂回曲折地行进 vi. 像蛇般行进 adj. 蜿蜒的；阴险的；弯弯曲曲的
zigzag,n. 之字形；Z字形 vt. 使成之字形；使曲折行进 vi. 曲折行进；作之字形行进 adj. 曲折的；锯齿形的；之字形的 adv. 曲折地；之字形地；Z字形地
stratum,n. （组织的）层； 地层；社会阶层
carbonate,n. 碳酸盐 vt. 使充满二氧化碳；使变成碳酸盐
seafaring,n. 航海业；海上航行 adj. 航海的
tinder,n. 火绒；易燃物
transcontinental,adj. 横贯大陆的；大陆那边的
cataclysmic,adj. 大变动的；洪水的
mishap,n. 灾祸；不幸事故；晦气
jeopardy,n. 危险；（被告处于被判罪或受处罚的）危险境地
destruct,n. 自毁 为可自毁而设计的 vi. 自毁
detriment,n. 损害；伤害；损害物
specialise,vt. 使专门化；限定…的范围；深入（等于specialize） vi. 专门研究（等于specialize）
distil,vt. 蒸馏；提取…的精华；使渗出 vi. 蒸馏；提炼；渗出
defective,n. 有缺陷的人；不完全变化词 adj. 有缺陷的；不完美的
aberration,n. 失常；离开正路，越轨
nuance,n. 细微差别
congruity,n. 适合，调和；一致；全等
synchronise,vt. 使同步；使同时发生（等于synchronize） vi. 同步；同时发生
appendage,n. 附加物；下属； 附器（如植物的枝叶和动物的腿尾）
byproduct,n. 副产品
optics,n.  光学
facial recognition,面部识别；面孔识别；人脸识别
sonar,n. 声纳；声波定位仪（等于asdic）
remote-sensing,遥感
sympathetic vibration,un. 共振；和应振动  和振；发生共振；交感振动
resonance,n.  共振；共鸣；反响
binary,adj.  二进制的；二元的，二态的
hyperlink,n. 超链接
browser,n.  浏览器；吃嫩叶的动物；浏览书本的人
refract,vt. 使折射
diffract,vt. 衍射；使…分散；碾碎 vi. 衍射
high-definition,adj. 非常鲜明的
high-fidelity,n. 高保真；高保真度
eschew,vt. 避免；避开；远避
thermodynamic,adj. 热力学的；使用热动力的
magnetic field,n. 磁场  耐电源频率磁场测试；磁力传感器；磁力场
pivot,n. 枢轴；中心点；旋转运动 adj. 枢轴的；关键的 vt. 以…为中心旋转；把…置于枢轴上 vi. 在枢轴上转动；随…转移
intercept,n. 拦截； 截距；截获的情报 vt. 拦截；截断；窃听
astrology,n. 占星术；占星学；星座
observatory,n. 天文台；气象台；瞭望台
interstellar,adj.  星际的
asteroid,n.  小行星； 海盘车；小游星 adj. 星状的
meteorite,n. 陨星；流星
crater,n. 火山口；弹坑 vt. 在…上形成坑；取消；毁坏 vi. 形成坑；消亡
constellation,n.  星座；星群；荟萃；兴奋丛
perigee,n. 近地点
apogee,n. 最高点，极点；远地点 vt. 位于远地点；位于最高点
rotation period,un. 旋转周期  自转周期；轮牧周期；转动周期
ellipse,n.  椭圆形， 椭圆
quantum,n. 量子论；额；美国昆腾公司（世界领先的硬盘生产商）
pottery,n. 陶器；陶器厂；陶器制造术
yarn,n. 纱线；奇谈，故事 vt. 用纱线缠 vi. 讲故事
papyrus,n. 纸莎草；纸莎草纸
artefact,n. 工艺品；人工制品，加工品
pane,n. 窗格；边；面；窗格玻璃；嵌板 vt. 装窗玻璃于；镶嵌板于
lucid,adj. 明晰的；透明的；易懂的；头脑清楚的
opacity,n. 不透明；不传导；暧昧
toughen,vt. 使…坚韧；使…顽固 vi. 变坚韧；变顽固
counterfeit,n. 赝品；冒牌货；伪造品 adj. 假冒的，伪造的；虚伪的 vt. 伪造，仿造；假装，伪装 vi. 仿造；假装
banknote,n. 纸币
trove,n. 被发现的东西；收藏的东西
instalment,n. 分期付款；装设；就职
meltdown,n. 灾难；彻底垮台；熔化；暴跌
economic downturn,un. 经济衰退  经济滑坡；经济不景气；经济低迷
mounting,n. 装备，装配；上马；衬托纸 v. 增加（mount的ing形式）；爬上 adj. 逐渐增加的
devoid,adj. 缺乏的；全无的
customise,vt. 定制，定做
marketable,adj. 市场的；可销售的；有销路的
utilitarian,n. 功利主义者 adj. 功利的；功利主义的；实利的
SWOT,
antitrust,adj.  反垄断的； 反托拉斯的
farming,n. 农业，耕作 v. 耕种；出租（farm的ing形式）
pastoral,n. 牧歌；田园诗；田园景色 adj. 牧师的；牧人的；田园生活的；乡村的
compost,n. 堆肥；混合物 vt. 堆肥；施堆肥
sterile,adj. 不育的；无菌的；贫瘠的；不毛的；枯燥乏味的
homestead,n. 宅地；家园；田产
herbicide,n.  除草剂
paternal,adj. 父亲的；得自父亲的；父亲般的
fraternal,adj. 兄弟般的；友好的
fetus,n. 胎儿，胎
toil,n. 辛苦；苦工；网；圈套 vt. 费力地做；使…过度劳累 vi. 辛苦工作；艰难地行进
arduous,adj. 努力的；费力的；险峻的
hindsight,n. 后见之明；枪的照门
commemoration,n. 纪念；庆典；纪念会
peak hour,adj. 高峰时刻的  高峰小时；繁忙时间；尖峰时间
cosmopolitan,n. 四海为家者；世界主义者；世界各地都有的东西 adj. 世界性的；世界主义的，四海一家的
aqueduct,n.  渡槽；导水管；沟渠
airliner,n. 班机；大型客机
raft,n. 筏；救生艇；（美）大量 vt. 筏运；制成筏 vi. 乘筏
procrastinate,vi. 耽搁，延迟 vt. 耽搁，延迟
expired,v. 期满（expire的过去分词） adj. 过期的；失效的
unwind,vt. 放松；解开； 展开 vi. 放松；解开；松开
carnival,n. 狂欢节，嘉年华会；饮宴狂欢
ubiquitous,adj. 普遍存在的；无所不在的
vogue,n. 时尚；流行，时髦 adj. 时髦的，流行的
ominous,adj. 预兆的；不吉利的
lavish,adj. 浪费的；丰富的；大方的 vt. 浪费；慷慨给予；滥用
cosmetics,n.  化妆品（cosmetic的复数）；装饰品 v. 用化妆品打扮（cosmetic的三单形式）
updated,v. 更新（update的过去式） adj. 更新的；现代化的
improvise,vt. 即兴创作；即兴表演；临时做；临时提供 vi. 即兴创作；即兴表演；临时凑合
graffiti,n. 墙上乱写乱画的东西（graffito的复数形式）
mosaic,adj. 摩西的；拼成的；嵌花式的 n. 马赛克；镶嵌；镶嵌细工
gourmet,n. 美食家 菜肴精美的
cutlery,n. 餐具；刀剑制造业
aroma,n. 芳香
lifespan,n. 寿命；预期生命期限；预期使用期限
chromosome,n.  染色体（形容词chromosomal，副词chromosomally）
heredity,n. 遗传，遗传性
dysentery,n. 痢疾
respiratory endurance,
stamina,n. 毅力；精力；活力；持久力
unintentional,adj. 非故意的；无意识的
waterborne-disease,un. 水传疾病；水致疾病；水传播病  水媒疾病；水源性疾病；水生疾病
phobia,n. 恐怖，憎恶；恐惧症
malaria,n.  疟疾；瘴气
allergy,n. 过敏症；反感；厌恶
diabetes,n. 糖尿病；多尿症
obese,adj. 肥胖的，过胖的
hypertension,n. 高血压；过度紧张
trauma,n.  创伤（由心理创伤造成精神上的异常）；外伤
psychic,n. 灵媒；巫师 adj. 精神的；心灵的；灵魂的；超自然的
placebo effect,安慰剂效应；安慰剂效果；安慰剂作用
quarantine,n. 检疫；隔离；检疫期；封锁 vt. 检疫；隔离；使隔离 vi. 实行隔离
morphine,n.  吗啡
penicillin,n. 盘尼西林（青霉素）
acupuncture,n. 针刺； 针刺疗法 vt. 对…施行针刺疗法
hormone,n.  激素，荷尔蒙
womb,n.  子宫；发源地 vt. 容纳
conditioned reflex,un. 条件反射  制约反射；制约反应；条件的反射
abdomen,n. 腹部；下腹；腹腔
intestine,n. 肠 adj. 内部的；国内的
hallmark,n. 特点；品质证明 vt. 给…盖上品质证明印记；使具有…标志
steadfast,adj. 坚定的；不变的
mutual understanding,un. 相互了解  相互理解；互相理解；心照不宣
enterprising,adj. 有事业心的；有进取心的；有魄力的；有胆量的
strenuous,adj. 紧张的；费力的；奋发的；艰苦的；热烈的
indomitable,adj. 不屈不挠的；不服输的；不气馁的
nostalgic,adj. 怀旧的；乡愁的
reminiscent,n. 回忆录作者；回忆者 adj. 怀旧的，回忆往事的；耽于回想的
buoyant,adj. 轻快的；有浮力的；上涨的
exhilarate,vt. 使高兴，使振奋；使愉快
ecstasy,n. 狂喜；入迷；忘形
introverted,adj. 内向的 v. 使...内向（introvert的过去分词形式）；使内翻
reticence,n. 沉默寡言
apathetic,adj. 冷漠的；无动于衷的，缺乏兴趣的
inert,adj.  惰性的；呆滞的；迟缓的；无效的
bounty,n. 慷慨；丰富；奖励金；赠款 vt. 发给…奖金等；为…而发给赏金 vi. 以赏金等形式发放
charitable,adj. 慈善事业的；慷慨的，仁慈的；宽恕的
frenetic,n. 疯子；狂人 adj. 狂热的；发狂的
sly,adj. 狡猾的；淘气的；诡密的
facetious,adj. 诙谐的；爱开玩笑的；滑稽的；(尤指在不合适的时候)开玩笑的
oblivious,adj. 遗忘的；健忘的；不注意的；不知道的
frustrating,v. 使沮丧（frustrate的ing形式） adj. 令人沮丧的
daunting,adj. 使人畏缩的；使人气馁的；令人怯步的
wary,adj. 谨慎的；机警的；惟恐的；考虑周到的
charismatic,adj. 超凡魅力的；神赐能力的
allegation,n. 指控; 陈述，主张; 宣称; 陈词，陈述;
telepathy,n. 心灵感应；传心术
surmount,vt. 克服，越过；战胜
downplay,vt. 不予重视；将...轻描淡写
agitate,vt. 摇动；骚动；使…激动 vi. 煽动
tantalize,vt. 逗弄；使干着急 vi. 逗弄人；令人干着急
indignity,n. 侮辱；轻蔑；有伤尊严；无礼举动
harass,vt. 使困扰；使烦恼；反复袭击
peep,n. 偷看；隐约看见，瞥见 vi. 窥视；慢慢露出，出现；吱吱叫 vt. 使出现
obsess,vt. 迷住，缠住；使…着迷；使…困扰
mesmerize,vt. 施催眠术；迷住；以魅力迫使
recollect,v. 回忆，想起
exhale,vt. 呼气；发出；发散；使蒸发 vi. 呼气；发出；发散
subsistence,n. 生活；生存；存在
despatch,n. 派遣；发送（等于dispatch） vt. 派遣；发送；匆匆吃下 vi. 匆匆离开
shuffle,n. 洗牌，洗纸牌；混乱，蒙混；拖着脚走 v. 洗牌；推诿，推卸；拖曳，慢吞吞地走；搅乱
puncture,n. 穿刺；刺痕 vt. 刺穿；揭穿；削弱 vi. 被刺穿；被戳破
decimation,n. 大批杀害；每十人杀一人；大量毁灭
strangle,vt. 把…勒死；使…窒息 vi. 窒息而死；被勒死
rehabilitation,n. 复原
negate,vt. 否定；取消；使无效 vi. 否定；否认；无效 n. 对立面；反面
redeem,vt. 赎回；挽回；兑换；履行；补偿；恢复
perseverance,n. 坚持不懈；不屈不挠 n. 耐性；毅力
pessimism,n. 悲观，悲观情绪；厌世主义
schooling,n. 学校教育；学费 v. 教育（school的ing形式）；培养
parenting,n. 父母对子女的养育 v. 教养（parent的ing形式）；做…的父亲或母亲
tertiary,n. 第三纪；第三修道会会员；第三级教士 adj. 第三的；第三位的；三代的
quintessential,adj. 精髓的，精萃的
dogma,n. 教条，教理；武断的意见
control group,un. 控制栏；对照组；控制群  控制组；对照群组；正常对照组
narrate,vt. 叙述；给…作旁白 vi. 叙述；讲述
encyclopedia,n. 百科全书（亦是encyclopaedia）
metaphysics,n. 玄学，形而上学
syllabus,n. 教学大纲，摘要；课程表
quadruple,n. 四倍 adj. 四倍的；四重的 vt. 使…成四倍 vi. 成为四倍
exponential,n. 指数 adj. 指数的
diagonal,n. 对角线；斜线 adj. 斜的；对角线的；斜纹的
disproportionate,adj. 不成比例的 不成比例地
scrutinise,vt. 详细检查，细看(scrutinize) vi. 作详细检查，细阅
spoon-feeding,v. 用匙喂，填鸭式教育( spoon-feed的现在分词 )
recurring,adj. 循环的；再发的 v. 返回（recur的现在分词）
illiteracy,n. 文盲；无知
numerate,vt. 数，列举；读（数） adj. 识数的，会计算的
stigma,n.  柱头；耻辱；污名；烙印；特征
homage,n. 敬意；尊敬；效忠
common sense,n. 常识  普通常识；常理；有常识的
archaeology,n. 考古学 考古学的
chronology,n. 年表；年代学
feudalism,n. 封建主义；封建制度
ethic,n. 伦理；道德规范 adj. 伦理的；道德的（等于ethical）
totemic,adj. 图腾的
biblical,adj. 圣经的；依据圣经的（等于biblical）
epic,n. 史诗；叙事诗；史诗般的作品 adj. 史诗的，叙事诗的
Zen,n. 禅；禅宗；禅宗信徒（等于Zen Buddhism）
etiquette,n. 礼节，礼仪；规矩
standing,n. 站立；持续；身分 adj. 长期的；直立的；固定的 v. 站立；坚持不变；坐落于（stand的ing形式）
situate,adj. 位于…的 vt. 使位于；使处于
expanse,n. 宽阔；广阔的区域；苍天；膨胀扩张
slanting,v. 使倾斜（slant的ing形式） adj. 倾斜的
towering,adj. 高耸的；卓越的；激烈的 v. 高翔（tower的ing形式）
veranda,n. 走廊，游廊；阳台
girder,n.  大梁，纵梁
eaves,n. 屋檐；凸出的边缘
spire,n.  尖顶；尖塔；螺旋 vt. 给…加塔尖 vi. 螺旋形上升
boulder,n. 卵石，大圆石；巨砾
viaduct,n. 高架桥；高架铁路
polygon,n. 多边形；多角形物体
brickwork,n. 砌砖；砖砌的建筑物
mason,n. 梅森（男子名）
scaffold,n. 脚手架；鹰架；绞刑台 vt. 给…搭脚手架；用支架支撑
mausoleum,n. 陵墓；阴森森的大厦
pagoda,n. （东方寺院的）宝塔；印度的旧金币
altar,n. 祭坛；圣坛；圣餐台
pavilion,n. 阁；亭子；大帐篷；展示馆 vt. 搭帐篷；置…于亭中；笼罩
refurbish,vt. 刷新；再磨光
encase,vt. 包住；围绕；包装
fixed,adj. 确定的；固执的；<美口>处境...的；准备好的 v. 修理（过去式）
linguistics,n. 语言学
verb,n. 动词；动词词性；动词性短语或从句 adj. 动词的；有动词性质的；起动词作用的
syllable,n. 音节 vt. 划分音节 vi. 按音节发音；讲话
phoneme,n. 音素，音位
consonant,n. 辅音；辅音字母 adj. 辅音的；一致的；和谐的
prefix,n. 前缀 vt. 加前缀；将某事物加在前面
suffix,n. 后缀；下标 vt. 添后缀
semantic,adj. 语义的；语义学的（等于semantical）
syntax,n. 语法；句法；有秩序的排列
phonetics,n. 发音学，语音学
phonics,n. 声学；声音基础教学法
inflection,n. 弯曲，变形；音调变化
font,n. 字体；字形；泉；洗礼盘，圣水器
pictograph,n.  象形文字；古代石壁画；统计图表
cuneiform,n. 楔形文字；楔状骨 adj. 楔形的；楔形文字的；楔状骨的
hieroglyph,n. 象形文字；图画文字；秘密符号
non-verbal behavior,
hand signal,un. 手势  要你做交通手势；手示信号；手势运用
facial expression,na. 面部表情  脸部表情；表情运用的艺术；脸色
synonym,n. 同义词；同义字
antonym,n.  反义词
paraphrase,n. 释义；解释；意译 vt. 释义
developed,adj. 发达的（国家或地区）；成熟的
colloquial,adj. 白话的；通俗的；口语体的
babble,vt. 含糊不清地说；泄露 vi. 喋喋不休；呀呀学语；作潺潺声 n. 含糊不清的话；胡言乱语；潺潺声
brainstorm,n. 集思广益；头脑风暴；灵机一动 vt. 集体讨论；集思广益以寻找 vi. 集体讨论；动脑筋；出主意
salient,n. 凸角；突出部分 adj. 显著的；突出的；跳跃的
divergent,adj. 相异的，分歧的；散开的
caste,n. （印度社会中的）种姓；（具有严格等级差别的）社会地位；（排他的）社会团体
aristocrat,n. 贵族
supremacy,n. 霸权；至高无上；主权；最高地位
organisation,n. 组织；团体（等于organization）
franchise,n. 特权；公民权；经销权；管辖权 vt. 给…以特许（或特权）；赋予公民权
legislature,n. 立法机关；立法机构
jurisdiction,n. 司法权，审判权，管辖权；权限，权力
potent,adj. 有效的；强有力的，有权势的；有说服力的
paradoxical,adj. 矛盾的；诡论的；似非而是的
undisputed,adj. 无可争辩的；无异议的；毫无疑问的
stifle,n. （马等的）后膝关节；（马等的） 后膝关节病 vt. 扼杀；使窒息；藏匿 vi. 窒息；被扼杀
piracy,n. 海盗行为；剽窃；著作权侵害；非法翻印
arson,n. 纵火；纵火罪
battlefield,n. 战场；沙场
entrench,vt. 确立，牢固；用壕沟围住；挖掘 vi. 侵犯；挖掘壕沟
derelict,n. 遗弃物；玩忽职守者；被遗弃的人 adj. 玩忽职守的；无主的；被抛弃了的
dilapidated,adj. 荒废的，要塌似的；破坏的 v. 变得荒废（dilapidate的过去分词）
treason,n.  叛国罪；不忠
traitor,n. 叛徒；卖国贼；背信弃义的人
envelop,n. 信封；包裹 vt. 包围；包封；遮盖
obligate,vt. 使负义务；强使，强迫；对…施以恩惠 adj. 有责任的，有义务的；必需的
coercion,n. 强制；强迫；高压政治；威压
overbearing,adj. 傲慢的；压倒一切的 v. 压住；否定；专横地对待；繁殖过度（overbear的ing形式）
cannibalism,n. 食人；嗜食同类；残忍的行为
humiliate,vt. 羞辱；使…丢脸；耻辱
be modelled on,仿制；仿造
realise,"vt. 实现, 认识到, 体会到, 了解, 认清, 使显得逼真, 变卖财产为现钱"
be known as,na. 通称  被称为；被称作；被认为是
be referred to as,被称为；被当做；被称作
first use,首先使用(指比敌方先使用某种武器，如对使用常规武器的敌人首先动用核武器)
come from,v. 来自；出身；归因于  来自于；来源于；出生
derive from,v. 来自；起源于  衍生；由来；来源于
evolve from,进化自；从……发展而成；由……进化而来
originate from,v. 起源于；发源于  来源于；来自；起源於
lead to,na. 通向  导致；引起；通往
take for granted,v. 想当然  认为…理所当然；视为当然；认为…是理所当然
take no notice,v. 不注意  不理会；不理睬
pay no attention,v. 不经意  不用注意；不注意；不注意或不小心
leave out,na. 遗漏；忽略；(告诉某人)停下来  省去；省略；不考虑
let ... go,v. 放手；解雇；松手；忽视  展翅高飞；放开；释放
olfaction,n. 嗅觉
a wide range of,un. 许多  广泛的；范围广泛的；很大的范围
all sorts of,na. 一切种类的；种种  各种各样的；各种不同的；适合各种各样的
an assortment of,"一组,一套,各色俱备的"
a mixture of,一种---混合物；的混合物
civic,adj. 市的；公民的，市民的
keep a check on,控制；监视；抑制
illegal activity,不法活动；违法行为；非法活动
juvenile delinquency,na. 少年犯罪  青少年犯罪；未成年人违法；未成年人犯罪
stumbling block,n. 障碍物；绊脚石  拦路虎；本是绊脚石；垫脚石
thwart,prep. 横过 n. 划手座；独木舟的横梁 vt. 挫败；反对；阻碍；横过 adj. 横放的；固执的 adv. 横过
keep ... from,na. 避开；禁止；抑制；隐瞒  阻止；使免于；使…不
sponsorship,n. 赞助；发起；保证人的地位；教父母身份
spending,n. 花费；开销 v. 花费；度过（spend的现在分词形式）
affluence,n. 富裕；丰富；流入；汇聚
using data,
appraise,vt. 评价，鉴定；估价
oversea,adj. 外国的；在海外的 adv. 国外；向国外，向海外
disparate,n. 无法相比的东西 adj. 不同的；不相干的；全异的
little correspondence,
old-fashioned,adj. 老式的；过时的；守旧的
outmoded,adj. 过时的，不流行的 v. 使不流行（outmode的过去分词）
speed up,na. 加快(机器等的)速度；使加紧做  加速；加快速度；增加速度
misleading,adj. 令人误解的；引入歧途的 v. 给…带错路；把…引入歧途（mislead的ing形式）
misunderstanding,n. 误解；误会；不和
prejudiced,v. 损害（prejudice的过去分词）；使抱偏见 adj. 怀偏见的；有成见的；偏颇的
misrepresent,vt. 歪曲，误传；不合适地代表 vi. 虚伪陈述；歪曲报道
not enough,爱不够；不足；还远远不够
in short supply,na. 供应不足  短缺；供不应求；缺乏
get over,na. 同“get across”  克服；恢复；越过
uplifting,adj. 令人振奋的；使人开心的
uncommon,adj. 不寻常的；罕有的 adv. 非常地
unspectacular,adj. 不引人注意的；普通的
banal,adj. 陈腐的；平庸的；老一套的
regardless of,prep. 不管；不顾；不理会  不论；无论；不注意
take no notice of,na. 不采取应有的措施  不注意；置之不理；不理会
connotation,n. 内涵；含蓄；暗示，隐含意义；储蓄的东西（词、语等）
import or export,
shipping,n.  船舶，船舶吨数；海运；运送 v. 运送，乘船（ship的ing形式）
set in motion,na. 使动；开动  发动；掀动；开始动工
put sth. into practice,na. 实行  实施；付诸实施；落实
comply with,v. 遵守  遵从；依从；服从
abide by,na. 坚持；服从  遵守；信守；遵循
adhere to,v. 坚持；依附  遵守；附着；粘着
intentionally,adv. 故意地，有意地
purposely,adv. 故意地；蓄意地
put back,v. 放回；推迟  放回原处；拨回；把……放回原处
hold off,na. 拖延；抵抗(进攻等)；使不接近  推迟；迟疑；延缓
rapidly,adv. 迅速地；很快地；立即
reachable,adj. 可获得的；可达成的
underdeveloped,adj. 不发达的
degenerated,变性的 退化的
on your own initiative,adv. 主动地
by yourself,na. 独个儿；独力  你独自地；你独立地；靠你自己
bilingual,n. 通两种语言的人 adj. 双语的
more than one language,
ancestral tongue as well as the dominant language,
long-term,adj. 长期的 从长远来看
lasting,adj. 持久的；永恒的 n.  厚实斜纹织物 v. 持续；维持（last的ing形式）
long-standing,adj. 长期存在的；存在已久的
medical complaints,
medical condition,身体状况；医疗状况；医学状况
above-average,平均以上；在一般水准以上
give somebody a job,
impoverished,adj. 穷困的；用尽了的，无创造性的 v. 使贫困（impoverish的过去分词）
deprived,adj. 缺少食物的；缺乏足够教育的
socially disadvantaged,
daily necessity,日用品；生活必需品；日常必需品
body language,n. 身势语  肢体语言；身体语言；体态语
non-verbal behaviors,
shard,n. （甲虫的） 鞘翅；陶瓷碎片
pieces,"n. 匹头, 毛束；件片块个工件零件"
ruins,n. 遗迹（ruin的复数形式）；废墟 v. 毁灭（ruin的三单形式）
foretell,vt. 预言；预示；预告 vi. 预言；预示；预告
unpredictable,n. 不可预言的事 adj. 不可预知的；不定的；出乎意料的
erratic,n. 漂泊无定的人；古怪的人 adj. 不稳定的；古怪的
unforeseeable,adj. 不可预见的；无法预料的
contribute to,na. 捐助；给…投稿；捐(款)给；投寄(一篇论文)给(某杂志)  有助于；促成；贡献
play a part,na. 扮演…角色；假装  起作用；扮演角色；扮演一个角色
bring into existence,na. 使产生  使成立；使发生；存在
husbands and wives,丈夫与妻子；夫妻们；贤伉俪
marriage partner,
pregnant women,un. 孕妇  怀孕妇女；孕产妇；怀孕女性
life expectancy,n. 预期寿命；预计存在（或持续）的期限  平均寿命；平均余命；期望寿命
disinterested,adj. 无私的；公正的；冷漠的；廉洁的 v. 使不再有利害关系；使无兴趣（disinterest的过去分词）
focus on,致力于; 使聚焦于; 对（某事或做某事）予以注意; 把…作为兴趣中心
deal only with,
narrow the scope,
concentrate on,na. 集中在；专心于  全神贯注于；专注于；集中精力于
perception of risk,风险认知
throw light on,na. 弄明白  阐明；解释；说明
shed light on,na. 阐明；解释；将…弄明白；照亮  说明；阐明某事；使某事清楚
living thing,n. 生物  生命；生灵；来自先前存在的生物
life form,n. 生物；活物  生活型；生命形式；植物生活型
downside,n. 负面，缺点；下降趋势；底侧 adj. 底侧的
blight,n. 枯萎病；荒芜 vi. 枯萎 vt. 破坏；使…枯萎
infest,vt. 骚扰；寄生于；大批出没；大批滋生
liken,vt. 比拟；把…比作
adapt to,na. 使(自己行动)配合(同伴)  适应；适应，适合；使适应
become accustomed to,v. 习惯于  变得习以为常；对…变得习以为常；习惯于新环境
adjust to,v. 适应  调整；调节；调整以适应
craftsmanship,n. 技术；技艺
knack,n. 诀窍；本领；熟练技术；巧妙手法
back up,na. 支持；堵塞；抢救后方；把(文件等备份)  倒退；后退；援助
be behind,na. (非常)迟缓；(很)坏  落后；在……之后；在……后面
skepticism,n. 怀疑论；怀疑的态度
disclosed,vt. 公开；揭露
hidden,adj. 隐藏的 v. 隐藏，躲藏（hide的过去分词）
disguised,伪装的
concealed,adj. 隐蔽的，隐匿的
veiled,adj. 隐藏的；含蓄的；蒙上面纱的；不清楚的 v. 戴面纱（veil的过去式和过去分词）
media coverage,媒体报道；媒体报导；媒体覆盖率
broadcaster,n. 广播公司；广播员；播送设备；撒播物
give in,na. 让步；屈服；投降；上交  交上；认输；放弃
exhaustible,adj. 可被用尽的；会枯竭的
cutting-edge,n. (刀片的)刃口；尖端；前沿 adj. 先进的，尖端的
learn by heart,na. 记住；熟记  背诵；牢记；背熟
win sb. over,na. 争取过来  把…争取过来；战胜；战胜对方
faraway,adj. 遥远的；恍惚的
foe,n. 敌人；反对者；危害物
adversary,n. 对手；敌手
make ... possible,
cold temperature,低温；冷车温度；寒冷温度
freezing weather,结冰气候；寒冷的天气；严寒的天气
take apart,na. 分解；拆分；剖析  拆开；拆卸；卸开
unwanted materials,
preferential,adj. 优先的；选择的；特惠的；先取的
the most important,最重要的；最主要的；世界上最重要的东西是什么
overriding,adj. 高于一切的，最重要的 v. 践踏；压垮；不顾（override的ing形式）
recycling,n. （资源、垃圾的）回收利用 v. 回收；再循环利用（recycle的现在分词）
environmentally,adv. 有关环境方面
fragmentary,adj. 碎片的；不完全的；断断续续的
part of the picture,
unavoidable,adj. 不可避免的；不能废除的
unstoppable,adj. 无法阻碍的；无法停止的（副词unstoppably）
be loath to,不愿意…
meteorological,adj. 气象的；气象学的
no rain at all,
lack of moisture,
agree with,na. 适合；赞同；与…一致  同意；与...一致；同意某人
concur with,v. 与一致  同意；同…意见一致；与…同时发生
match up,un. 配对；相配；配合；适应  配对防守；精彩对位；确定防守对象
unappreciated,adj. 未被欣赏的
undervalued,adj. 贬值的；估值偏低；估价过低 v. 低估…的价值；轻视（undervalue的过去分词）
low regard,
prior to,adj. 前于  此前；在…之前；先于
directed at,冲着；一滥觞冲着；用于
aimed at,针对；瞄准；目的在于
all the way up to,
longer,长的（long的比较级）
achievable,adj. 可完成的；可有成就的；做得成的
early people,
founding father,n. （运动、机构或思想的）创建人  国父；开国元勋；开国者
elderly people,老人；老年人；视频编码器
old people,老人；老年人；旧人
ageing population,人口老化；人口老龄化；老化人口
greying population,
senior citizens,na. 年长  老人；资深公民；老年人
self-reliance,n. 自力更生，依靠自己；自恃
emotionally isolated,
on a regular basis,定期地；经常；经常地
time limit,n. 期限；时限；限期  时间限制；装运期限；时间限制响应
built-in,n. 内置 adj. 嵌入的；固定的
make more visits,
ask somebody's advice,
be associated with,v. 与…联系  与……有关；与……有关系；相联系
artificial intelligence,n. 人工智能  人工智慧；人工智能专业研究生排名；人工知能
reasoning in machine,
where to live,
continued existence,
championship,n. 锦标赛；冠军称号；冠军的地位
averagely good,
reasonable but not special,
storyline,n. 故事情节
be halved,
decline by 50%,
observation post,na. 监视哨  观察所；观察站；观察哨
watchtower,n. 瞭望塔，岗楼
find one's way,na. 到达  找到路；设法到达；找到路径
teeth,n. 牙齿
aviation disaster,
sky accident,
air crash,n. 坠机事件  空难；飞机失事；飞机坠毁事件
average-sized,一般分量 平均大小
medium-sized,adj. 中型的，中等大小的；普通型的
in the vicinity of,na. 在…附近；靠近…的；在…上下；在…左右  在附近；在邻近；大约
middle-year education,
lower secondary school,
less successful student,
struggler,n. 奋斗者；斗争者
snare,n. 陷阱；圈套； 勒除器 vt. 捕捉；诱惑
little time and effort is required,
minimal maintenance and intervention,
plastic or glass tube,
how sth. work,
how sth. operate,
develop resistance,
no longer respond,
run in family,
assertiveness,n. 魄力，自信
tiredness,n. 疲劳；疲倦
unnecessary,adj. 不必要的；多余的，无用的
superfluous,adj. 多余的；不必要的；奢侈的
arm or leg,
feed on,na. 同“feed off ”；“live on”的变体  以……为食；以…为食物；以…为主食
prey on,v. 捕食；掠夺  杀害；掠夺折磨；折磨，损害
hard work,na. 难苦的工作  努力工作；艰苦的工作；勤奋
surprised,v. 使惊奇（surprise的过去分词形式） adj. 感到惊讶的，出人意料的
be taken aback,<航海>处于顶风位置的; 大吃一惊; 吓一跳; <航海>（帆船）突遇顶风而停止前进; 吃了一惊
used for both purposes,
higher than,高于；高比；高过
withdraw support,
lost interest,vbl.不再感兴趣
dislike their workplace,
view their work environment negatively,
please his family,
what his family wanted,
time-consuming techniques,
take up considerable time,
marketed,销售；交易；市场推广（market的过去分词）
advertising,n. 广告；广告业；登广告 adj. 广告的；广告业的 v. 公告；为…做广告（advertise的ing形式）
widespread introduction of sth.,
large increase in the use of sth.,
regard themselves as,
self-proclaimed,adj. 自称的
miss the point,na. 抓不着要点；不得要领；不懂(俏皮话等的)妙处  没有抓住要领；没抓住要领；没领会含义
without fully understanding,
quickly,adv. 迅速地；很快地
follow rules,
do well at school,
medical problems,
misuse,vt. 滥用；误用；虐待 n. 滥用；误用；虐待
problems,n.  问题；难题（problem的复数）
a change in people's attitudes,
dissatisfaction with pay,
modern standards,
how ... tested,
protection against bad air,
aspects of their work,
harmful to animals,
the insects,
two ways,un. 双行线  炸薯条的两种方法；两条路；人生两条路
different kinds of danger,
apprenticeship,n. 学徒期；学徒身分
arousal,n. 觉醒；激励
auditorium,n. 礼堂，会堂；观众席
boredom,n. 厌倦；令人厌烦的事物
branding,n. 品牌化，品牌术 v. 在…上加商标；使显得独一无二（brand的现在分词）
categorise,vt. 分类；加以类别
contaminated,v. 污染（contaminate的过去式） adj. 受污染的；弄脏的
corpus,n.  语料库；文集；本金
encode,vt. （将文字材料）译成密码；编码，编制成计算机语言
flop,n. 失败；砰然落下；拍击声 vi. 失败；扑拍；扑通落下；笨重地摔 vt. 笨拙地抛下；扑通放下；拍（翅） adv. 扑通一声；恰巧
grinding,adj. 磨的；刺耳的；令人难以忍受的
industrialise,vt. 使工业化（等于industrialize）
neuron,n.  神经元，神经单位
pharmaceutical,n. 药物 adj. 制药（学）的
pleasurable,adj. 快乐的；心情舒畅的；令人愉快的
revised,v. 修改；校订；复习（revise的过去分词形式） adj. 改进的
temporal,n. 世间万物；暂存的事物 adj. 暂时的；当时的；现世的
underlie,vt. 成为……的基础；位于……之下
vanished,n. 销声匿迹，无影无踪（美国电视连续剧剧名）
vulnerability,n. 易损性；弱点
airborne,adj.  空运的；空气传播的；风媒的
consumerism,n. 保护消费者利益运动；用户至上主义
feat,n. 功绩，壮举；技艺表演 adj. 合适的；灵巧的
humpback,n. 驼背；座头鲸
imagery,n. 像；意象；比喻；形象化
licence,n. 许可证，执照；特许 vt. 特许，许可；发给执照
logo,n. 商标，徽标；标识语
officially,adv. 正式地；官方地；作为公务员
opt,vi. 选择
overview,n.  综述；概观
pitched,v. 使倾斜；扎营；投掷（pitch的过去分词） adj. 斜的；人字形的
prefrontal,n.  额前骨 adj.  前额的；额叶前部的
renewed,v. 更新；恢复（renew的过去分词） adj. 更新的；复兴的；重建的
salespeople,n. 推销员； 售货员；店员
sufferer,n. 患者；受害者
topsoil,n. 表层土；上层土
trance,n. 恍惚；出神；着迷，入迷 vt. 使恍惚；使发呆
viable,adj. 可行的；能养活的；能生育的
vigilance,n. 警戒，警觉；警醒症
capitalism,n. 资本主义
cookery,n. 烹调术；烹调业
fibrous,adj. 纤维的，纤维性的；纤维状的
hockey,n. 曲棍球；冰球
intricately,adv. 杂乱地
invader,n. 侵略者；侵入物
investigator,n. 研究者；调查者；侦查员
magical,adj. 魔术的；有魔力的
monoculture,n. 单作；单一栽培
password,n. 密码；口令
realism,n. 现实主义；实在论；现实主义的态度和行为
sledge,n. 雪橇；大锤 vt. 用雪橇搬运；乘雪橇；用大锤打 vi. 用大锤打；猛击；乘雪橇
supplier,n. 供应厂商，供应国；供应者
surname,n. 姓，姓氏；绰号，别名 vt. 给…起别名；给…姓氏
suspense,n. 悬念；悬疑；焦虑；悬而不决
unravel,vt. 解开；阐明；解决；拆散 vi. 解决；散开
voucher,n. 收据；证人；保证人；证明者；代金 vt. 证实...的可靠性
yoga,n. 瑜珈（意为“结合”，指修行）；瑜珈术 n. 联想可360°翻转的超轻薄笔记本电脑
adept,n. 内行；能手 adj. 熟练的；擅长…的
allocation,n. 分配，配置；安置
autism,n.  孤独症；自我中心主义
bacterial,adj.  细菌的
bicentennial,n. 二百周年纪念 adj. 二百周年的
blowhole,n. （鲸、海豚等的）喷水孔；（隧道等的）通风孔；岩石孔穴； 气泡
blurred,v. 玷污；使…模糊不清；使感觉迟钝（blur的过去式和过去分词） adj. 模糊不清的；被弄污的
carbohydrate,n.  碳水化合物； 糖类
dazzling,adj. 耀眼的；眼花缭乱的 v. 使…眼花（dazzle的ing形式）
dominance,n. 优势；统治；支配
echolocation,n. 回波定位；回声测距；回声定位能力（鲸和蝙蝠等所具备得一种机能）
folklore,n. 民俗学；民间传说；民间风俗
fumes,n. 烟气；激动；空想的事物（fume的复数） v. 蒸发；冒烟；发怒（fume的三单形式）
incubator,n.  孵卵器； 保温箱；早产儿保育器；细菌培养器
indifference,n. 漠不关心；冷淡；不重视；中立
interbreed,vt. 异种交配；混种；使品种间杂交 vi. 异种交配；混种；杂种繁殖
interviewee,n. 被接见者；被访问者
newsreel,n. 新闻影片
objectively,adv. 客观地
paperclip,n. 曲别针；报纸夹
pathway,n. 路，道；途径，路径
permanently,adv. 永久地，长期不变地
phenomenal,adj. 现象的；显著的；异常的；能知觉的；惊人的，非凡的
provisional,adj. 临时的，暂时的；暂定的 n. 临时邮票
salvage,n. 打捞；海上救助；抢救财货；救难的奖金 vt. 抢救；海上救助
seedling,n. 秧苗，幼苗；树苗
stunned,v. 使震惊；使不知所措（stun的过去式及过去分词形式） adj. 受惊的
surveyor,n. 测量员；检验员
telecommunication,n. 电讯； 远程通信；无线电通讯
tropics,n. 热带地区
aback,adv. 向后；处于顶风位置；向后地；吓了一跳
accredited,v. 认可（accredit的过去分词形式） adj. 公认的；可信任的
alarming,adj. 令人担忧的；使人惊恐的 v. 使惊恐（alarm的ing形式）
albeit,conj. 虽然；即使
alphabetically,adv. 照字母顺序排列地
amused,v. 逗笑（amuse的过去分词）；使欢乐 adj. 愉快的，顽皮的；被逗乐的
annoying,v. 骚扰（annoy的ing形式） adj. 讨厌的；恼人的
apologise,vi. 道歉（等于apologize）
appeasement,n. 缓和，平息；姑息
ascent,n. 上升；上坡路；登高
backdrop,n. 背景；背景幕；交流声
barrage,n. 弹幕；阻塞；齐射式攻击； 拦河坝 vt. 以密集炮火进攻 vi. 以密集火力阻击
beneficiary,n.  受益人，受惠者；封臣 adj. 拥有封地的；受圣俸的
biographer,n. 传记作者
bonding,n. 粘合； 压焊 v. 结合（bond的现在分词）；联系 adj. 结合的；黏结的
bracelet,n. 手镯；手链
cellular,n. 移动电话；单元 adj. 细胞的；多孔的；由细胞组成的
chilled,adj. 冷冻了的；已冷的；冷硬了的；淬火迟的 v. 使变冷（chill的过去式）
clutter,n. 杂乱，混乱 vt. 使凌乱；胡乱地填满
coiled,adj. 盘绕的；卷成圈的 v. 卷（coil的过去式和过去分词）；盘绕
computational,adj. 计算的
coordinator,n. 协调者； 协调器；同等的人或物
credentials,n.  证书；文凭；信任状（credential的复数） v. 得到信用；授…以证书（credential的三单形式）
dedicated,adj. 专用的；专注的；献身的 v. 以…奉献；把…用于（dedicate的过去式和过去分词）
diagnosis,n. 诊断
dispersal,n. 分散；传播；散布；疏散；消失
distorted,v. 扭曲（distort的过去式和过去分词） adj. 歪曲的；受到曲解的
domesticated,adj. 家养的；驯服的；喜欢家庭生活的 v. 驯养（domesticate的过去分词）；使习惯于家庭生活
doomsday,n. 世界末日；最后的审判日
dripping,n. 滴；水滴；滴下物 adj. 湿淋淋的；欲滴的 v. 滴下（drip的ing形式） adv. 欲滴地；湿淋淋地
elevated,n. 高架铁路 adj. 提高的；高尚的；严肃的；欢欣的 v. 提高；抬起；振奋；提拔（elevate的过去分词）
enforcement,n. 执行，实施；强制
ethnographer,n. 人种志学者；民族志学者
fuzzy,adj. 模糊的；失真的；有绒毛的
garret,n. 阁楼；顶楼
heyday,n. 全盛期 int. 嘿！（表喜悦或惊奇等）
impersonal,n. 非人称动词；不具人格的事物 adj. 客观的；非个人的；没有人情味的；非人称的
impractical,adj. 不切实际的，不现实的；不能实行的
indiscriminate,adj. 任意的；无差别的；不分皂白的
inequity,n. 不公平，不公正
infancy,n. 初期；婴儿期；幼年
intervening,v. 介入（intervene的ing形式） adj. 介于中间的
knowledgeable,adj. 知识渊博的，有知识的；有见识的；聪明的
legally,adv. 合法地；法律上
lesser,adj. 较少的；次要的；更小的 adv. 较少地；更小地；不及
ligament,n. 韧带；纽带，系带
marital,adj. 婚姻的；夫妇间的
obliged,adj. 必须的；感激的；有责任的 v. 要求；约束；施恩惠（oblige的过去分词）
overheads,n. 企业的日常管理费用；杂项开支；一般费用（overhead的复数）
overly,adv. 过度地；极度地
overrate,vt. 过高估计；对…估价过高
overuse,n. 过度使用 vt. 把…使用过度
par,n. 标准；票面价值；平均数量 adj. 标准的；票面的
partnership,n. 合伙； 合伙企业；合作关系；合伙契约
perceptual,adj. 知觉的；感知的；有知觉的
poisoning,n. 中毒 v. 毒害（poison的ing形式）
polluter,n. 污染者；污染源；污染物质
procurement,n. 采购；获得，取得
prorate,vt. （美）按比例分配 vi. 按比例分配
relic,n. 遗迹，遗物；废墟；纪念物
saver,n. 救助者；节俭的人；节约装置
scepticism,n. 怀疑；怀疑论；怀疑主义
scientifically,adv. 系统地；合乎科学地；学问上
secrecy,n. 保密；秘密；隐蔽
shiny,adj. 有光泽的，擦亮的；闪耀的；晴朗的；磨损的
sizeable,adj. 大的，相当大的
steering,n. 操纵；指导；掌舵 v. 驾驶；掌舵（steer的ing形式）
stockpile,n. 库存；积蓄 vt. 贮存；储蓄 vi. 积累；储备物资
stunt,n. 噱头，手腕；绝技 vt. 阻碍…的正常生长或发展 vi. 表演特技；作惊人表演
stylish,adj. 时髦的；现代风格的；潇洒的
subtlety,n. 微妙；敏锐；精明
subtropical,adj.  亚热带的
suction,n. 吸；吸力；抽吸
superficially,adv. 表面地；浅薄地
supervisory,adj. 监督的
surfing,n. 冲浪游戏 v. 冲浪（surf的ing形式）
symbolism,n. 象征，象征主义；符号论；记号
taxation,n. 课税，征税；税款
terrestrial,n. 陆地生物；地球上的人 adj. 地球的；陆地的， 陆生的；人间的
thrilled,adj. 非常兴奋的；极为激动的 v. 激动（thrill的过去式）； 震颤
trainee,n. 练习生，实习生；受训者；新兵；训练中的动物
ultraclean,adj.  超净的
unaided,adj. 未受协助的；无助的
vibration,n. 振动；犹豫；心灵感应
vice versa,adv. 反之亦然；反过来也一样  小爸爸大儿子；反过来亦然；反过来的
waterfront,n. 滩，海滨；水边 adj. 滨水区的
abject,adj. 卑鄙的；可怜的；不幸的；（境况）凄惨的，绝望的
accentuate,vt. 强调；重读
acclimatise,vi.& vt. （使）服水土，（使）适应新气候或环境
acrobatic,adj. 杂技的；特技的
adornment,n. 装饰；装饰品
aeration,n.  曝气；通风；充气
aeronautical,adj. 航空的；航空学的；飞机驾驶员的（等于aeronautic）
airy,adj. 空气的；通风的；幻想的；轻快的；空中的
align,vt. 使结盟；使成一行；匹配 vi. 排列；排成一行
alleged,v. 宣称（allege的过去式和过去分词）；断言 adj. 所谓的；声称的；被断言的
alpine,adj. 阿尔卑斯山的，高山的
altruistic,adj. 利他的；无私心的
amidst,prep. 在…当中
amplifier,n.  放大器，扩大器；扩音器
anatomist,n. 解剖学家；剖析者
appalling,adj. 可怕的；令人震惊的 v. 使惊愕；惊吓（appal的ing形式）
assortment,n. 分类；混合物
audio-visual,adj. 视听的；视听教学的
awayday,n. （不在工作场所的）外出研讨日  息工日
babyish,adj. 幼稚的；愚蠢的；适于婴儿的
backlash,n. 反冲；强烈抵制 vt. 强烈反对；发生后冲
bale,n. 包；捆；灾祸；不幸 v. 将 ... 打包
bathing,n. 沐浴；游泳；洗海水澡 v. 洗浴（bath的现在进行式）
baulk,n. 错误；失败；障碍（等于balk） vt. 阻止；错过；推诿（等于balk） vi. 犹豫；（马等）突然止步不前（等于balk）
bewildering,adj. 使人困惑的；令人产生混乱的 v. 使迷惑（bewilder的ing形式）
bleeper,n. 无线电传呼机
blonde,n. 白肤金发碧眼的女人 adj. 亚麻色的；金色的；白皙的；白肤金发碧眼的
botanist,n. 植物学家
bout,n. 回合；较量；发作；一阵
broker,n. 经纪人，掮客 vt. 以中间人等身分安排... vi. 作为权力经纪人进行谈判
bumper,n. 缓冲器，保险杆，减震物 adj. 丰盛的，丰富的 vt. 装满；为…祝酒 vi. 干杯
bygone,n. 过去的事 adj. 过去的
capriciousness,n. 变幻莫测，变化无常
carefree,adj. 无忧无虑的；不负责的
carton,n. 纸板箱；靶心白点 vt. 用盒包装 vi. 制作纸箱
cavern,n. 洞穴；凹处 vt. 挖空；置…于洞穴中
cerebrospinal,adj.  脑脊髓的
chaplain,n. 牧师；专职教士
checklist,n. 清单；检查表；备忘录；目录册
chic,n. 时髦；别致的款式 adj. 别致的
cinematic,adj. 电影的；影片的
cipher,n. 密码；暗号；零 vt. 计算；做算术；将…译成密码 vi. 使用密码；计算；做算术
coachload,n. 一客车的旅客
coffer,n. 围堰；保险箱；金库；资金 vt. 把…放进箱柜；用平顶镶板装饰
cognition,n. 认识；知识；认识能力
collectively,adv. 共同地，全体地
colourfast,adj. 不掉色的，不退色的
containerization,n. 货柜运输
cortical,adj. 皮质的； 皮层的；外皮的
craze,n. 狂热 vt. 使发狂；使产生纹裂 vi. 发狂；产生纹裂
crystalline,adj. 透明的；水晶般的；水晶制的
daunted,vt. 使气馁，使畏缩；威吓
dearth,n. 缺乏；饥馑；粮食不足
dementia,n.  痴呆
demographer,n.  人口统计学家，人口学家
denomination,n. 面额；名称；教派
deregulate,vt. 解除对……的管制 vi. 解除控制
discontinue,vt. 停止；使中止 vi. 停止，中断
discouraging,v. 沮丧（discourage的ing形式）；失去勇气 adj. 使人沮丧的；令人气馁的
disillusioned,v. 使幻想破灭（disillusion的过去分词）；唤醒 adj. 醒悟的；幻想破灭的；不抱幻想的
disjunction,n. 分离；析取；分裂；折断
disorganised,adj. 组织混乱的，无系统的，杂乱无章的
dispiriting,adj. 令人沮丧的；使人气馁的 v. 使沮丧；使气馁（dispirit的ing形式）
distaste,n. 厌恶；讨厌 vt. 厌恶；不喜欢 vi. 不喜欢
dizziness,n. 头晕；头昏眼花
downwind,adj. 顺风的 adv. 顺风；在下风
drab,n. 浅褐色；无生气；邋遢；小额 adj. 单调的；土褐色的 vt. 使无生气 vi. 嫖妓
eagerly,adv. 急切地；渴望地；热心地
eccentricity,n. 古怪；怪癖； 离心率
edging,n. 边缘； 边饰
eligibility,n. 适任，合格；被选举资格
elitist,n. 优秀人才；杰出人物 adj. 优秀人才的；杰出人才的
eloquently,adv. 善辩地；富于表现力地
embarrassment,n. 窘迫，难堪；使人为难的人或事物；拮据
emblazoned,adj. 装饰的；饰以纹章的 v. 饰以纹章（emblazon的过去式）
embryonic,adj.  胚胎的；似胚胎的
emergent,adj. 紧急的；浮现的；意外的；自然发生的
enervation,n. 衰弱；虚弱；削弱；神经无力
ethereal,adj. 优雅的；轻飘的；缥缈的；超凡的
ethnicity,n. 种族划分
extrusion,n. 挤出；推出；赶出；喷出
facilitator,n. 服务商；促进者
familiarise,vt. 使熟悉（等于familiarize）
filler,n. （杂志等的）补白；装填者；装填物；充填器
finitude,n. 有限；界限；限制
fledgling,n. 无经验的人；刚会飞的幼鸟
flimsy,n. 薄纸；复写纸；打字纸 adj. 脆弱的；浅薄的；易损坏的；不周密的
footage,n. 英尺长度；连续镜头；以尺计算长度
foregone conclusion,na. 可预断的结果  必然结果；不可避免的结局；预料中必然的结果
fossilise,v. <主英>使成化石; 使陈腐; 变成化石; 搜集（或发掘）化石标本
fragmentation,n. 破碎；分裂； 存储残片
froth,n. 泡沫，泡；口沫 vi. 吐白沫；起泡沫 vt. 使生泡沫
gimmick,n. 暗机关；骗人的玩意；花招 vt. 使暗机关；搞骗人的玩意
glacial,adj. 冰的；冰冷的；冰河时代的
gratuity,n. 赏钱，小费；赠物； 退职金
grenade,n. 手榴弹；灭火弹 vt. 扔手榴弹；用催泪弹攻击
gush,n. 涌出；迸发 v. 涌出；迸出
hardwired,adj. （计算机系统）硬连线的 adj. （能力、方法、活动类型等）基本固定的
harmonise,vt. 使和谐 vi. 和谐（等于harmonize）
harridan,n. 脾气暴躁的老泼妇；枯槁的老妇人
haunting,v. 常去；缠住某人；萦绕在…心中（haunt的ing形式） adj. 不易忘怀的，萦绕于心头的；给人以强烈感受的
heady,adj. 兴奋的；任性的；性急的；顽固的；使人头晕的；令人陶醉的
hiker,n. 徒步旅行者
hindquarters,n. （动物的）尾部；两条后腿；半边胴体的后半部（hindquarter的复数）
homogenous,adj.  同质的；同类的 adj.  齐次的
honoraria,n. （自愿支付的）酬金，谢礼( honorarium的名词复数 )
hormonal,adj. 荷尔蒙的，激素的
hunch,n. 预感；大块；肉峰 vt. 耸肩；预感到；弯腰驼背 vi. 隆起；向前移动
hydropower,n. 水力发出的电力；水力发电
hype,n. 大肆宣传；皮下注射 vt. 大肆宣传；使…兴奋
iconic,adj. 图标的，形象的
idiosyncratic,adj. 特质的；特殊的；异质的
idyllic,牧歌的 田园诗的 悠闲的
impinge,vi. 撞击；侵犯 vt. 撞击
implicate,vt. 使卷入；涉及；暗指；影响
importation,n. 进口；输入品
incineration,n. 焚化；烧成灰
increment,n.  增量；增加；增额；盈余
inedible,adj. 不能吃的
influenza,n.  流行性感冒（简写flu）；家畜流行性感冒
interchangeable,adj. 可互换的；可交换的；可交替的
interminable,adj. 冗长的；无止尽的
intermittently,adv. 间歇地
intermix,vt. 使…混杂；使…混合 vi. 混杂；混和
intermodal,adj. 联合运输的，用于综合运输的
internationalist,n. 国际主义者；国际法学家
intrusion,n. 侵入；闯入
inundation,n. 洪水；泛滥
jealously,adv. 妒忌地；猜疑地
jerky,adj. 抽筋的；急动的；不平稳的 n. 牛肉干
jet lag,n. 时差反应；时差综合症  飞行时差反应；时差失调；缘来有转机
jolt,vt. 使颠簸；使震惊；使摇动 vi. 摇晃；颠簸而行 n. 颠簸；摇晃；震惊；严重挫折
judo,n. （日）柔道 adj. 柔道的；柔道术的
largish,adj. 稍大的；相当大的
lawlessness,n. 违法；不服从法律；不受法律制约
legion,n. （古罗马）军团；众多；军队 adj. 众多的；大量的
lightweight,n. 轻量级选手；无足轻重的人 adj. 重量轻的；平均重量以下的
lingual,adj. 语言的；舌的，舌音的 n. 舌音，舌音字
lopsidedness,n. 不匀称，倾向一方
mainline,n. 主线；静脉注射 vt. 把海洛因等毒品直接注入静脉 vi. 沉溺于；注入 adj. 主流的；沿干线的；传统的
majestic,adj. 庄严的；宏伟的
malnourished,adj. 营养不良的；营养失调的
mandate,n. 授权；命令，指令；委托管理；受命进行的工作 vt. 授权；托管
manufacturable,adj. 可制造的
manure,vt. 施肥于；耕种 n. 肥料；粪肥
meticulously,adv. 细致地；一丝不苟地；拘泥地
moody,adj. 喜怒无常的；易怒的；郁郁寡欢的
mutate,vi. 变化，产生突变 vt. 改变，使突变
mystical,adj. 神秘的；神秘主义的
mystify,vt. 使神秘化；使迷惑，使困惑
natty,adj. 整洁的；敏捷的；考虑周到的；清楚的
naturalistic,adj. 自然的；自然主义的；博物学的
neatness,n. 干净，整洁
nonpolitical,adj. 非政治性的
nonrefundable,adj. 不可归还的
notational,记数的
noticeably,adv. 显著地，明显地；引人注目地
obnoxious,adj. 讨厌的；可憎的；不愉快的
occupationally,adv. 职业引起地
oddly,adv. 古怪地；奇妙地；单数地
oftcited,
oily,adj. 油的；油质的；油滑的；油腔滑调的
onset,n. 开始，着手；发作；攻击，进攻
onshore,adj. 陆上的；向着海岸的 adv. 在陆上；向着海岸
overcrowded,adj. 过度拥挤的 v. 拥挤（overcrowd的过去分词）
overdone,v. 把…煮得过久；过于劳累；把…做得过度（overdo的过去分词） adj. 煮得太久的；做得过分的
overlying,n. 上覆盖，叠加（overlie的现在分词） adj. 上覆盖的
overstaffed,adj. 人浮于事的；人员过多的
oxygenated,adj. 氧化的；充了氧的；充满氧气的 v. 使氧合（oxygenate的过去分词）；充氧
panting,n. 气促；脉动 adj. 喘气的 v. 脉动；晃动（pant的ing形式）
paraconsciously,
paralysed,adj. 瘫痪的；麻痹的；惊呆的
paycheck,n. 付薪水的支票，薪水
peripherally,adv. 周边地；外围地；次要地
persistently,adv. 坚持地；固执地
peruse,vt. 详细考察；精读
perversely,adv. 倔强地
physiology,n. 生理学；生理机能
pickings,n. 不义之财；轻易取得之财
pictorial,n. 画报；画刊 adj. 绘画的；形象化的
piercing,n. 熔化穿孔 v. 刺穿；感动；洞察（pierce的ing形式） adj. 刺穿的；敏锐的；尖刻的；打动人心的
pinprick,n. 针刺；针孔；令人烦恼的小事
plight,n. 困境；境况；誓约 vt. 保证；约定
plush,adj. 豪华的；长毛绒做的；舒服的 n. 长毛绒
poised,adj. 泰然自若的，镇定的；平衡的，均衡的；摆好姿势不动的，静止的
populace,n. 大众；平民；人口
porous,adj. 多孔渗水的；能渗透的；有气孔的
portrayal,n. 描绘；画像，肖像
preoccupation,n. 全神贯注，入神；当务之急；关注的事物；抢先占据；成见
prepay,vt. 预付；提前缴纳
pretender,n. 冒牌者；妄求者；妄提要求者
primal,n. 被压抑童年情绪的释放 adj. 原始的；主要的；最初的 vt. 释放（被压抑的童年情绪）
pristine,adj. 原始的，古时的；纯朴的
profitably,adv. 有利地；有益地
progressively,adv. 渐进地；日益增多地
prohibitive,adj. 禁止的，禁止性的；抑制的；（费用，价格等）过高的；类同禁止的
prop,vt. 支撑，支持，维持；使倚靠在某物上 n. 支柱，支撑物；支持者；道具；（橄榄球中的）支柱前锋
propellant,n. 推进物；推进燃料；发射火药 adj. 推进的
prospectus,n. 内容说明书；样张；创办计划书；学校的入学简介
proxy,n. 代理人；委托书；代用品
pulverise,vt. 将…弄碎; 将…弄成粉末或尘埃; 摧毁; 粉碎
puppetry,n. 木偶；木偶戏；傀儡
purist,n. 纯化论者，力求纯化的人
pyrotechnics,n. 烟火制造术；烟火使用；各种烟火
reciprocity,n. 相互作用（复数reciprocities）；相互性；互惠主义
referendum,n. 公民投票权；外交官请示书
rekindle,vt. 重新点燃；再点火 vi. 重新点燃
repository,n. 贮藏室，仓库；知识库；智囊团
reputable,adj. 声誉好的；受尊敬的；卓越的
rift,n. 裂缝；不和； 裂口 vt. 使断裂；使分开 vi. 裂开
sabbatical,n. 休假（美国某些大学给大学教师每七年一次的） adj. 安息日的
salon,n. 沙龙；客厅；画廊；美术展览馆
sampling,n. 取样；抽样 v. 取样；抽样（sample的ing形式）
scavenge,vt. 打扫；排除废气；以…为食 vi. 清除污物；打扫
scenic,n. 风景胜地；风景照片 adj. 风景优美的；舞台的；戏剧的
sceptic,n. 怀疑论者；疑虑极深的人
seasonality,n. 季节性
secretarial,adj. 秘书的；书记的；部长的
selfless,adj. 无私的；不考虑自己的
signification,n. 意义；表示
slither,n. 滑动；滑行 vt. 使滑动 vi. 蜿蜒地滑行
slop,vt. 溢出，使溅出 vi. 溅出；泼洒
solemnly,adv. 庄严地；严肃地
spinal,n. 脊椎麻醉 adj. 脊髓的；脊柱的；针的；脊骨的；尖刺的
splendour,n. 显赫（等于splendor）；光彩壮丽
sprint,n. 冲刺；短跑 vt. 全速奔跑 vi. 冲刺，全速跑
stagnant,adj. 停滞的；不景气的；污浊的；迟钝的
starkly,adv. 严酷地；明显地；毫无掩饰地
sterilisable,可杀菌的 可绝育的
straightaway,n. 直线跑道 adj. 通俗易懂的；立刻的；笔直的
stricken,adj. 患病的；受挫折的；受…侵袭的；遭殃的
subtitles,n.  副标题（subtitle的复数）；说明或对白的字幕 v. 给…加副标题；给电影等加字幕（subtitle的三单形式）
tectonic,adj.  构造的；建筑的；地壳构造上的
tenet,n. 原则；信条；教义
tenuous,adj. 纤细的；稀薄的；贫乏的
testament,n.  遗嘱；圣约；确实的证明
thatch,n. 茅草，杂草；浓密的头发；茅草屋顶 vt. 用茅草覆盖屋顶
tout,vt. 兜售；招徕；刺探赛马情报 vi. 兜售；招徕顾客；拉选票 n. 侦查者；兜售者
tranquilliser,n. 镇静剂，安定药，止痛药
transferable,adj. 可转让的； 可转移的
turbid,adj. 浑浊的；混乱的；雾重的
tweak,n. 扭；拧；焦急 vt. 扭；用力拉；开足马力
uncanny,adj. 神秘的；离奇的；可怕的
uncompromising,adj. 不妥协的，不让步的；坚定的
undue,adj. 过度的，过分的；不适当的；未到期的
unimpeded,adj. 畅通无阻的；未受阻的
unleash,vt. 发动；解开…的皮带；解除…的束缚 vi. 不受约束；自由自在；放荡不羁
unrivalled,adj. 无与伦比的；无敌的
unscathed,adj. 未受伤的
unsolicited,adj. 未经请求的；主动提供的
unswerving,adj. 坚定的；始终不渝的；不歪的
urgency,n. 紧急；催促；紧急的事
vaccine,n. 疫苗；牛痘苗 adj. 疫苗的；牛痘的
vandalism,n. 汪达尔人作风；故意毁坏文物的行为；破坏他人财产的行为
vend,vt. 出售；公开发表 vi. 出售
veracity,n. 诚实；精确性；老实；说真实话
vested,v. （财产、权利等）授予（vest的过去式和过去分词）；使穿衣服 adj. 既定的；穿着衣服（尤指祭服）的；（美）带背心的（指西服套装）
vexingly,adv. vex的变形
vicissitude,n. 变迁；盛衰；变化无常；变迁兴衰
whim,n. 奇想；一时的兴致；怪念头；幻想
wilderness,n. 荒地；大量，茫茫一片
writhe,n. 翻滚；扭动；苦恼 vt. 扭曲；扭动 vi. 翻滚；蠕动
